SEASON_ID,Player_ID,Game_ID,GAME_DATE,MATCHUP,WL,MIN,FGM,FGA,FG_PCT,FG3M,FG3A,FG3_PCT,FTM,FTA,FT_PCT,OREB,DREB,REB,AST,STL,BLK,TOV,PF,PTS,PLUS_MINUS,VIDEO_AVAILABLE
22024,2544,0022401185,"Apr 11, 2025",LAL vs. HOU,W,22,6,11,0.545,1,4,0.25,1,1,1.0,0,4,4,8,1,0,1,1,14,5,1
22024,2544,0022401159,"Apr 09, 2025",LAL @ DAL,W,36,11,20,0.55,0,4,0.0,5,6,0.833,2,5,7,3,1,0,2,2,27,18,1
22024,2544,0022401153,"Apr 08, 2025",LAL @ OKC,L,35,8,19,0.421,3,6,0.5,9,10,0.9,0,7,7,3,1,0,6,1,28,-23,1
22024,2544,0022401135,"Apr 06, 2025",LAL @ OKC,W,34,9,16,0.563,1,1,1.0,0,0,0.0,2,1,3,7,1,0,2,0,19,7,1
22024,2544,0022401126,"Apr 04, 2025",LAL vs. NOP,W,33,9,17,0.529,2,7,0.286,7,8,0.875,0,0,0,8,2,0,1,1,27,7,1
22024,2544,0022401117,"Apr 03, 2025",LAL vs. GSW,L,40,10,15,0.667,5,8,0.625,8,9,0.889,1,4,5,9,1,1,4,2,33,-1,1
22024,2544,0022401096,"Mar 31, 2025",LAL vs. HOU,W,38,5,12,0.417,2,4,0.5,4,4,1.0,0,8,8,4,2,2,3,1,16,9,1
22024,2544,0022401078,"Mar 29, 2025",LAL @ MEM,W,37,10,21,0.476,2,5,0.4,3,4,0.75,1,5,6,8,3,1,3,3,25,-1,1
22024,2544,0022401063,"Mar 27, 2025",LAL @ CHI,L,39,8,20,0.4,0,5,0.0,1,2,0.5,1,4,5,12,2,0,4,1,17,-10,1
22024,2544,0022401055,"Mar 26, 2025",LAL @ IND,W,38,4,12,0.333,0,3,0.0,5,5,1.0,3,10,13,7,1,0,1,1,13,5,1
22024,2544,0022401038,"Mar 24, 2025",LAL @ ORL,L,38,9,18,0.5,0,3,0.0,6,7,0.857,3,3,6,7,0,0,2,0,24,-17,1
22024,2544,0022401028,"Mar 22, 2025",LAL vs. CHI,L,31,7,16,0.438,1,2,0.5,2,5,0.4,0,6,6,4,3,0,5,1,17,-27,1
22024,2544,0022400918,"Mar 08, 2025",LAL @ BOS,L,35,11,23,0.478,0,6,0.0,0,3,0.0,2,12,14,9,0,0,1,3,22,-11,1
22024,2544,0022400903,"Mar 06, 2025",LAL vs. NYK,W,44,11,23,0.478,2,8,0.25,7,8,0.875,1,11,12,8,0,1,1,3,31,4,1
22024,2544,0022400890,"Mar 04, 2025",LAL vs. NOP,W,33,10,18,0.556,5,10,0.5,9,9,1.0,1,7,8,6,1,2,4,1,34,7,1
22024,2544,0022400874,"Mar 02, 2025",LAL vs. LAC,W,36,6,17,0.353,1,6,0.167,4,4,1.0,1,4,5,9,2,1,8,2,17,-5,1
22024,2544,0022400859,"Feb 28, 2025",LAL vs. LAC,W,37,12,21,0.571,2,7,0.286,2,3,0.667,1,12,13,3,1,0,4,0,28,-1,1
22024,2544,0022400849,"Feb 27, 2025",LAL vs. MIN,W,37,11,21,0.524,4,9,0.444,7,10,0.7,5,12,17,6,1,1,4,1,33,12,1
22024,2544,0022400835,"Feb 25, 2025",LAL vs. DAL,W,37,11,17,0.647,2,4,0.5,3,4,0.75,3,9,12,3,1,0,6,2,27,-5,1
22024,2544,0022400808,"Feb 22, 2025",LAL @ DEN,W,33,11,19,0.579,1,4,0.25,2,3,0.667,2,7,9,5,1,3,1,2,25,9,1
22024,2544,0022400796,"Feb 20, 2025",LAL @ POR,W,36,14,24,0.583,4,8,0.5,8,8,1.0,0,8,8,4,2,1,11,2,40,8,1
22024,2544,0022400524,"Feb 19, 2025",LAL vs. CHA,L,38,10,22,0.455,4,11,0.364,2,2,1.0,1,6,7,11,1,2,2,0,26,-4,1
22024,2544,0022400781,"Feb 12, 2025",LAL @ UTA,L,34,6,13,0.462,4,8,0.5,2,4,0.5,1,5,6,7,1,0,3,3,18,-10,1
22024,2544,0022400768,"Feb 10, 2025",LAL vs. UTA,W,29,10,17,0.588,3,7,0.429,1,2,0.5,1,6,7,8,1,0,7,2,24,24,1
22024,2544,0022400731,"Feb 06, 2025",LAL vs. GSW,W,38,14,25,0.56,6,9,0.667,8,10,0.8,1,16,17,8,1,1,3,1,42,7,1
22024,2544,0022400715,"Feb 04, 2025",LAL @ LAC,W,31,8,13,0.615,2,4,0.5,8,11,0.727,0,8,8,9,3,0,3,4,26,19,1
22024,2544,0022400692,"Feb 01, 2025",LAL @ NYK,W,37,14,26,0.538,3,8,0.375,2,4,0.5,0,11,11,12,0,0,5,3,33,12,1
22024,2544,0022400674,"Jan 30, 2025",LAL @ WAS,W,27,9,19,0.474,1,4,0.25,5,5,1.0,0,3,3,11,0,0,0,1,24,29,1
22024,2544,0022400660,"Jan 28, 2025",LAL @ PHI,L,33,10,16,0.625,1,4,0.25,10,11,0.909,1,7,8,9,1,0,8,1,31,-11,1
22024,2544,0022400648,"Jan 27, 2025",LAL @ CHA,W,36,9,17,0.529,1,8,0.125,3,5,0.6,0,7,7,8,0,0,5,0,22,-1,1
22024,2544,0022400644,"Jan 25, 2025",LAL @ GSW,W,35,12,25,0.48,0,1,0.0,1,2,0.5,1,4,5,12,1,0,3,0,25,11,1
22024,2544,0022400629,"Jan 23, 2025",LAL vs. BOS,W,31,9,20,0.45,0,2,0.0,2,2,1.0,3,11,14,6,0,0,2,0,20,7,1
22024,2544,0022400610,"Jan 21, 2025",LAL vs. WAS,W,36,8,18,0.444,2,6,0.333,3,3,1.0,0,10,10,13,2,1,5,0,21,19,1
22024,2544,0022400596,"Jan 19, 2025",LAL @ LAC,L,35,9,20,0.45,2,6,0.333,5,6,0.833,2,3,5,11,3,1,5,3,25,-3,1
22024,2544,0022400585,"Jan 17, 2025",LAL vs. BKN,W,35,12,17,0.706,4,6,0.667,1,2,0.5,1,6,7,8,1,2,5,2,29,-11,1
22024,2544,0022400570,"Jan 15, 2025",LAL vs. MIA,W,38,9,15,0.6,3,6,0.5,1,2,0.5,1,4,5,9,2,0,2,0,22,14,1
22024,2544,0022400552,"Jan 13, 2025",LAL vs. SAS,L,32,7,11,0.636,2,3,0.667,2,4,0.5,1,4,5,8,1,1,7,3,18,-15,1
22024,2544,0022400504,"Jan 07, 2025",LAL @ DAL,L,35,6,12,0.5,1,4,0.25,5,6,0.833,0,10,10,8,1,0,2,0,18,-12,1
22024,2544,0022400491,"Jan 05, 2025",LAL @ HOU,L,36,8,16,0.5,4,7,0.571,1,2,0.5,1,12,13,9,1,0,2,4,21,-13,1
22024,2544,0022400477,"Jan 03, 2025",LAL vs. ATL,W,30,13,20,0.65,2,5,0.4,2,2,1.0,0,3,3,8,0,0,3,3,30,4,1
22024,2544,0022400468,"Jan 02, 2025",LAL vs. POR,W,36,15,25,0.6,7,10,0.7,1,2,0.5,1,2,3,8,0,0,4,1,38,4,1
22024,2544,0022400454,"Dec 31, 2024",LAL vs. CLE,L,34,9,17,0.529,3,6,0.5,2,2,1.0,0,4,4,7,0,1,2,1,23,-11,1
22024,2544,0022400408,"Dec 25, 2024",LAL @ GSW,W,37,12,22,0.545,2,4,0.5,5,5,1.0,0,4,4,10,2,1,1,3,31,4,1
22024,2544,0022400404,"Dec 23, 2024",LAL vs. DET,L,35,10,16,0.625,2,4,0.5,6,7,0.857,2,9,11,11,0,0,2,1,28,-1,1
22024,2544,0022400376,"Dec 21, 2024",LAL @ SAC,W,34,13,24,0.542,1,8,0.125,5,6,0.833,0,7,7,6,4,0,4,2,32,10,1
22024,2544,0022400372,"Dec 19, 2024",LAL @ SAC,W,34,8,21,0.381,1,4,0.25,2,2,1.0,0,6,6,7,0,1,2,1,19,13,1
22024,2544,0022401220,"Dec 15, 2024",LAL vs. MEM,W,34,7,17,0.412,3,6,0.5,1,4,0.25,4,4,8,8,1,2,5,2,18,0,1
22024,2544,0022400334,"Dec 06, 2024",LAL @ ATL,L,43,14,25,0.56,6,11,0.545,5,6,0.833,0,10,10,11,2,3,4,3,39,3,1
22024,2544,0022400321,"Dec 04, 2024",LAL @ MIA,L,29,12,18,0.667,1,4,0.25,4,4,1.0,1,4,5,8,1,0,5,2,29,-21,1
22024,2544,0022400318,"Dec 02, 2024",LAL @ MIN,L,31,4,16,0.25,0,4,0.0,2,4,0.5,3,5,8,4,0,0,6,1,10,-28,1
22024,2544,0022400311,"Dec 01, 2024",LAL @ UTA,W,36,12,28,0.429,0,9,0.0,3,3,1.0,1,4,5,14,0,2,3,1,27,0,1
22024,2544,0022400048,"Nov 29, 2024",LAL vs. OKC,L,34,5,13,0.385,0,4,0.0,2,2,1.0,0,8,8,6,0,0,5,0,12,-12,1
22024,2544,0022400296,"Nov 27, 2024",LAL @ SAS,W,33,8,18,0.444,0,2,0.0,0,0,0.0,3,7,10,11,1,1,5,0,16,4,1
22024,2544,0022400039,"Nov 26, 2024",LAL @ PHX,L,35,7,16,0.438,2,7,0.286,2,2,1.0,1,7,8,10,0,0,5,0,18,-30,1
22024,2544,0022400270,"Nov 23, 2024",LAL vs. DEN,L,35,7,17,0.412,1,4,0.25,3,3,1.0,0,6,6,7,3,0,6,3,18,-25,1
22024,2544,0022400263,"Nov 21, 2024",LAL vs. ORL,L,37,12,22,0.545,5,9,0.556,2,4,0.5,2,8,10,7,0,1,4,0,31,-8,1
22024,2544,0022400026,"Nov 19, 2024",LAL vs. UTA,W,34,9,17,0.529,1,5,0.2,7,11,0.636,0,2,2,12,0,0,4,1,26,-5,1
22024,2544,0022400231,"Nov 16, 2024",LAL @ NOP,W,37,8,19,0.421,2,7,0.286,3,5,0.6,4,3,7,5,1,0,6,1,21,1,1
22024,2544,0022400015,"Nov 15, 2024",LAL @ SAS,W,38,6,12,0.5,1,4,0.25,2,4,0.5,1,15,16,12,1,0,7,0,15,3,1
22024,2544,0022400225,"Nov 13, 2024",LAL vs. MEM,W,37,13,22,0.591,4,7,0.571,5,8,0.625,1,11,12,14,1,0,6,2,35,3,1
22024,2544,0022400211,"Nov 10, 2024",LAL vs. TOR,W,35,6,14,0.429,0,3,0.0,7,7,1.0,2,8,10,16,1,0,3,0,19,13,1
22024,2544,0022400195,"Nov 08, 2024",LAL vs. PHI,W,34,9,14,0.643,2,4,0.5,1,1,1.0,0,12,12,13,0,3,2,0,21,12,1
22024,2544,0022400174,"Nov 06, 2024",LAL @ MEM,L,35,15,24,0.625,6,11,0.545,3,4,0.75,0,7,7,6,1,0,5,2,39,-21,1
22024,2544,0022400156,"Nov 04, 2024",LAL @ DET,L,40,7,16,0.438,1,2,0.5,5,5,1.0,1,7,8,11,2,0,1,1,20,-16,1
22024,2544,0022400137,"Nov 01, 2024",LAL @ TOR,W,36,9,17,0.529,5,8,0.625,4,6,0.667,0,6,6,10,1,0,0,1,27,11,1
22024,2544,0022400118,"Oct 30, 2024",LAL @ CLE,L,29,9,13,0.692,1,3,0.333,7,7,1.0,1,5,6,3,0,0,6,2,26,-17,1
22024,2544,0022400111,"Oct 28, 2024",LAL @ PHX,L,36,3,14,0.214,2,5,0.4,3,6,0.5,0,5,5,8,1,0,2,1,11,-17,1
22024,2544,0022400096,"Oct 26, 2024",LAL vs. SAC,W,34,12,22,0.545,4,9,0.444,4,4,1.0,0,14,14,10,0,1,5,3,32,13,1
22024,2544,0022400085,"Oct 25, 2024",LAL vs. PHX,W,35,7,13,0.538,2,5,0.4,5,8,0.625,0,4,4,8,0,0,2,1,21,14,1
22024,2544,0022400062,"Oct 22, 2024",LAL vs. MIN,W,35,7,16,0.438,1,4,0.25,1,1,1.0,0,5,5,4,0,2,2,3,16,-6,1
22024,201939,0022401198,"Apr 13, 2025",GSW vs. LAC,L,38,10,20,0.5,7,12,0.583,9,9,1.0,1,2,3,6,2,0,8,2,36,-16,1
22024,201939,0022401183,"Apr 11, 2025",GSW @ POR,W,27,6,14,0.429,2,8,0.25,0,0,0.0,1,4,5,5,0,1,1,2,14,8,1
22024,201939,0022401163,"Apr 09, 2025",GSW vs. SAS,L,37,12,24,0.5,5,14,0.357,1,1,1.0,2,6,8,3,2,0,1,0,30,13,1
22024,201939,0022401154,"Apr 08, 2025",GSW @ PHX,W,26,9,17,0.529,3,9,0.333,4,4,1.0,1,8,9,6,1,1,2,0,25,31,1
22024,201939,0022401143,"Apr 06, 2025",GSW vs. HOU,L,33,1,10,0.1,1,8,0.125,0,0,0.0,0,2,2,8,0,0,4,0,3,-4,1
22024,201939,0022401125,"Apr 04, 2025",GSW vs. DEN,W,32,13,24,0.542,7,15,0.467,3,3,1.0,1,1,2,5,2,0,2,2,36,6,1
22024,201939,0022401117,"Apr 03, 2025",GSW @ LAL,W,34,10,21,0.476,4,11,0.364,13,14,0.929,1,2,3,6,0,0,2,1,37,-1,1
22024,201939,0022401100,"Apr 01, 2025",GSW @ MEM,W,37,16,31,0.516,12,20,0.6,8,8,1.0,1,9,10,8,5,1,2,2,52,17,1
22024,201939,0022401086,"Mar 30, 2025",GSW @ SAS,W,26,4,10,0.4,2,4,0.5,3,3,1.0,0,3,3,6,1,1,0,2,13,24,1
22024,201939,0022401072,"Mar 28, 2025",GSW @ NOP,W,34,7,21,0.333,5,16,0.313,4,5,0.8,0,4,4,6,3,0,1,2,23,10,1
22024,201939,0022401005,"Mar 20, 2025",GSW vs. TOR,W,25,6,8,0.75,2,4,0.5,3,5,0.6,0,2,2,1,0,1,3,0,17,-7,1
22024,201939,0022400990,"Mar 17, 2025",GSW vs. DEN,L,36,6,21,0.286,4,14,0.286,4,4,1.0,0,4,4,7,3,0,7,2,20,-7,1
22024,201939,0022400974,"Mar 15, 2025",GSW vs. NYK,W,35,8,20,0.4,4,13,0.308,8,9,0.889,0,7,7,5,0,1,3,2,28,-5,1
22024,201939,0022400957,"Mar 13, 2025",GSW vs. SAC,W,30,4,9,0.444,2,6,0.333,1,1,1.0,0,2,2,5,1,1,2,4,11,15,1
22024,201939,0022400938,"Mar 10, 2025",GSW vs. POR,W,34,6,14,0.429,5,11,0.455,7,7,1.0,1,1,2,3,2,0,4,0,24,6,1
22024,201939,0022400919,"Mar 08, 2025",GSW vs. DET,W,33,8,22,0.364,4,15,0.267,12,12,1.0,1,2,3,4,1,0,4,1,32,11,1
22024,201939,0022400901,"Mar 06, 2025",GSW @ BKN,W,36,12,20,0.6,7,13,0.538,9,9,1.0,2,2,4,4,0,0,5,3,40,-16,1
22024,201939,0022400885,"Mar 04, 2025",GSW @ NYK,W,33,10,21,0.476,5,9,0.556,3,3,1.0,0,7,7,9,2,0,2,0,28,23,1
22024,201939,0022400875,"Mar 03, 2025",GSW @ CHA,W,30,6,14,0.429,3,9,0.333,6,8,0.75,1,2,3,10,1,1,1,3,21,13,1
22024,201939,0022400864,"Mar 01, 2025",GSW @ PHI,L,36,10,18,0.556,5,12,0.417,4,4,1.0,1,4,5,13,1,0,3,2,29,12,1
22024,201939,0022400845,"Feb 27, 2025",GSW @ ORL,W,34,16,25,0.64,12,19,0.632,12,12,1.0,0,4,4,3,2,0,4,0,56,15,1
22024,201939,0022400834,"Feb 25, 2025",GSW vs. CHA,W,24,6,14,0.429,2,9,0.222,1,1,1.0,0,4,4,6,1,0,2,2,15,26,1
22024,201939,0022400812,"Feb 23, 2025",GSW vs. DAL,W,29,12,20,0.6,3,8,0.375,3,3,1.0,0,4,4,7,1,0,2,3,30,14,1
22024,201939,0022400805,"Feb 21, 2025",GSW @ SAC,W,31,7,13,0.538,4,9,0.444,2,2,1.0,0,1,1,6,2,0,1,0,20,0,1
22024,201939,0022400784,"Feb 13, 2025",GSW @ HOU,W,35,7,17,0.412,5,13,0.385,8,9,0.889,1,4,5,3,0,0,1,2,27,7,1
22024,201939,0022400782,"Feb 12, 2025",GSW @ DAL,L,37,9,23,0.391,4,13,0.308,3,4,0.75,1,4,5,8,2,0,4,3,25,4,1
22024,201939,0022400760,"Feb 10, 2025",GSW @ MIL,W,34,12,24,0.5,6,16,0.375,8,9,0.889,0,6,6,4,0,0,2,0,38,8,1
22024,201939,0022400745,"Feb 08, 2025",GSW @ CHI,W,34,10,19,0.526,8,16,0.5,6,8,0.75,2,2,4,6,0,1,4,1,34,23,1
22024,201939,0022400731,"Feb 06, 2025",GSW @ LAL,L,37,13,35,0.371,6,20,0.3,5,5,1.0,2,5,7,4,1,1,4,3,37,-3,1
22024,201939,0022400725,"Feb 05, 2025",GSW @ UTA,L,35,12,31,0.387,6,18,0.333,2,2,1.0,0,1,1,7,0,1,3,2,32,-21,1
22024,201939,0022400708,"Feb 03, 2025",GSW vs. ORL,W,34,7,21,0.333,2,12,0.167,8,8,1.0,0,1,1,5,1,0,3,1,24,8,1
22024,201939,0022400685,"Jan 31, 2025",GSW vs. PHX,L,31,5,14,0.357,1,6,0.167,3,3,1.0,1,2,3,3,0,2,2,1,14,-18,1
22024,201939,0022400673,"Jan 29, 2025",GSW vs. OKC,W,33,6,15,0.4,5,10,0.5,4,4,1.0,0,1,1,4,1,0,0,2,21,-2,1
22024,201939,0022400644,"Jan 25, 2025",GSW vs. LAL,L,32,4,17,0.235,2,9,0.222,3,4,0.75,0,1,1,9,2,0,3,2,13,-17,1
22024,201939,0022400628,"Jan 23, 2025",GSW vs. CHI,W,31,8,19,0.421,5,12,0.417,0,0,0.0,1,3,4,7,0,0,3,0,21,4,1
22024,201939,0022400619,"Jan 22, 2025",GSW @ SAC,L,34,6,11,0.545,1,4,0.25,1,1,1.0,1,2,3,12,0,0,3,1,14,2,1
22024,201939,0022400604,"Jan 20, 2025",GSW vs. BOS,L,27,6,16,0.375,4,12,0.333,2,2,1.0,0,3,3,4,2,0,3,3,18,-15,1
22024,201939,0022400589,"Jan 18, 2025",GSW vs. WAS,W,34,10,22,0.455,4,14,0.286,2,2,1.0,1,4,5,6,1,1,1,1,26,7,1
22024,201939,0022400565,"Jan 15, 2025",GSW @ MIN,W,37,10,21,0.476,7,12,0.583,4,4,1.0,1,0,1,8,1,0,1,1,31,-1,1
22024,201939,0022400550,"Jan 13, 2025",GSW @ TOR,L,35,9,17,0.529,4,10,0.4,4,4,1.0,1,6,7,7,1,0,4,2,26,0,1
22024,201939,0022400518,"Jan 09, 2025",GSW @ DET,W,36,5,21,0.238,2,14,0.143,5,5,1.0,1,8,9,6,2,0,3,0,17,-14,1
22024,201939,0022400508,"Jan 07, 2025",GSW vs. MIA,L,33,11,22,0.5,8,17,0.471,1,1,1.0,0,7,7,0,1,2,4,2,31,-10,1
22024,201939,0022400492,"Jan 05, 2025",GSW vs. SAC,L,30,8,12,0.667,4,8,0.5,6,6,1.0,0,7,7,0,1,0,4,3,26,-17,1
22024,201939,0022400467,"Jan 02, 2025",GSW vs. PHI,W,30,11,15,0.733,8,8,1.0,0,0,0.0,1,5,6,10,1,0,2,1,30,32,1
22024,201939,0022400446,"Dec 30, 2024",GSW vs. CLE,L,29,4,14,0.286,3,11,0.273,0,0,0.0,0,2,2,3,1,1,1,1,11,-2,1
22024,201939,0022400431,"Dec 28, 2024",GSW vs. PHX,W,35,9,22,0.409,4,13,0.308,0,0,0.0,2,4,6,6,1,0,5,3,22,20,1
22024,201939,0022400408,"Dec 25, 2024",GSW vs. LAL,L,36,14,24,0.583,8,15,0.533,2,2,1.0,0,1,1,6,0,0,4,3,38,-1,1
22024,201939,0022400403,"Dec 23, 2024",GSW vs. IND,L,35,2,13,0.154,2,9,0.222,4,4,1.0,0,5,5,7,0,3,3,1,10,6,1
22024,201939,0022400383,"Dec 21, 2024",GSW @ MIN,W,34,10,21,0.476,7,16,0.438,4,5,0.8,0,3,3,10,1,0,1,1,31,20,1
22024,201939,0022400366,"Dec 19, 2024",GSW @ MEM,L,24,0,7,0.0,0,6,0.0,2,2,1.0,0,3,3,1,1,1,2,0,2,-41,1
22024,201939,0022401228,"Dec 15, 2024",GSW vs. DAL,L,35,9,19,0.474,7,13,0.538,1,1,1.0,0,5,5,10,1,0,2,1,26,-10,1
22024,201939,0022401204,"Dec 11, 2024",GSW @ HOU,L,34,8,17,0.471,3,9,0.333,0,1,0.0,1,2,3,5,2,1,1,0,19,4,1
22024,201939,0022400355,"Dec 08, 2024",GSW vs. MIN,W,35,8,18,0.444,5,11,0.455,9,11,0.818,0,4,4,8,1,0,3,0,30,14,1
22024,201939,0022400338,"Dec 06, 2024",GSW vs. MIN,L,32,6,17,0.353,3,9,0.333,8,8,1.0,1,1,2,4,0,0,3,0,23,-3,1
22024,201939,0022400058,"Dec 03, 2024",GSW @ DEN,L,34,8,23,0.348,4,15,0.267,4,4,1.0,1,6,7,11,0,0,5,0,24,5,1
22024,201939,0022400303,"Nov 30, 2024",GSW @ PHX,L,32,8,21,0.381,3,10,0.3,4,5,0.8,1,6,7,4,0,0,0,1,23,4,1
22024,201939,0022400284,"Nov 25, 2024",GSW vs. BKN,L,29,8,17,0.471,8,16,0.5,4,4,1.0,0,4,4,7,1,0,3,0,28,-4,1
22024,201939,0022400269,"Nov 23, 2024",GSW @ SAS,L,32,5,16,0.313,3,10,0.3,1,1,1.0,2,5,7,5,0,0,3,1,14,4,1
22024,201939,0022400032,"Nov 22, 2024",GSW @ NOP,W,33,6,13,0.462,4,7,0.571,3,3,1.0,0,7,7,7,1,1,4,3,19,4,1
22024,201939,0022400258,"Nov 20, 2024",GSW vs. ATL,W,30,7,10,0.7,4,6,0.667,5,5,1.0,0,4,4,8,2,1,5,0,23,27,1
22024,201939,0022400251,"Nov 18, 2024",GSW @ LAC,L,32,10,21,0.476,6,15,0.4,0,0,0.0,1,6,7,6,0,1,3,1,26,-5,1
22024,201939,0022400019,"Nov 15, 2024",GSW vs. MEM,W,26,4,9,0.444,3,7,0.429,2,2,1.0,1,7,8,5,4,0,3,2,13,9,1
22024,201939,0022400007,"Nov 12, 2024",GSW vs. DAL,W,35,14,27,0.519,5,12,0.417,4,5,0.8,0,6,6,9,1,2,4,2,37,24,1
22024,201939,0022400207,"Nov 10, 2024",GSW @ OKC,W,37,13,23,0.565,7,13,0.538,3,4,0.75,1,4,5,7,1,1,3,2,36,21,1
22024,201939,0022400188,"Nov 08, 2024",GSW @ CLE,L,24,5,10,0.5,1,4,0.25,1,1,1.0,0,1,1,2,2,0,6,0,12,-25,1
22024,201939,0022400172,"Nov 06, 2024",GSW @ BOS,W,34,8,17,0.471,4,9,0.444,7,7,1.0,0,7,7,9,4,1,3,2,27,7,1
22024,201939,0022400155,"Nov 04, 2024",GSW @ WAS,W,24,7,15,0.467,4,9,0.444,6,6,1.0,1,2,3,6,0,0,2,1,24,9,1
22024,201939,0022400101,"Oct 27, 2024",GSW vs. LAC,L,27,6,11,0.545,4,7,0.571,2,2,1.0,0,4,4,6,2,1,6,1,18,2,1
22024,201939,0022400084,"Oct 25, 2024",GSW @ UTA,W,27,7,20,0.35,4,13,0.308,2,2,1.0,0,3,3,4,2,0,3,3,20,22,1
22024,201939,0022400072,"Oct 23, 2024",GSW @ POR,W,25,4,10,0.4,3,7,0.429,6,6,1.0,0,9,9,10,2,0,2,0,17,23,1
22024,1629029,0022401185,"Apr 11, 2025",LAL vs. HOU,W,31,13,19,0.684,5,9,0.556,8,14,0.571,0,8,8,7,1,0,4,1,39,15,1
22024,1629029,0022401159,"Apr 09, 2025",LAL @ DAL,W,38,16,28,0.571,7,10,0.7,6,9,0.667,1,7,8,6,4,0,3,4,45,26,1
22024,1629029,0022401153,"Apr 08, 2025",LAL @ OKC,L,31,7,15,0.467,3,7,0.429,6,7,0.857,0,3,3,5,0,1,3,1,23,6,1
22024,1629029,0022401135,"Apr 06, 2025",LAL @ OKC,W,37,11,20,0.55,5,11,0.455,3,4,0.75,1,6,7,6,2,0,2,2,30,18,1
22024,1629029,0022401126,"Apr 04, 2025",LAL vs. NOP,W,36,10,21,0.476,4,10,0.4,11,11,1.0,0,6,6,6,0,0,2,2,35,12,1
22024,1629029,0022401117,"Apr 03, 2025",LAL vs. GSW,L,38,6,17,0.353,0,6,0.0,7,7,1.0,2,6,8,7,0,1,1,3,19,-3,1
22024,1629029,0022401096,"Mar 31, 2025",LAL vs. HOU,W,38,6,16,0.375,1,7,0.143,7,9,0.778,0,6,6,9,2,0,3,5,20,7,1
22024,1629029,0022401078,"Mar 29, 2025",LAL @ MEM,W,38,8,18,0.444,2,9,0.222,11,12,0.917,0,8,8,9,2,0,3,3,29,11,1
22024,1629029,0022401063,"Mar 27, 2025",LAL @ CHI,L,38,8,22,0.364,4,12,0.333,5,6,0.833,0,10,10,8,2,1,1,0,25,-1,1
22024,1629029,0022401055,"Mar 26, 2025",LAL @ IND,W,38,11,21,0.524,6,10,0.6,6,7,0.857,0,7,7,7,0,1,3,2,34,-16,1
22024,1629029,0022401038,"Mar 24, 2025",LAL @ ORL,L,38,9,23,0.391,4,10,0.4,10,11,0.909,0,7,7,7,1,0,3,2,32,-9,1
22024,1629029,0022401028,"Mar 22, 2025",LAL vs. CHI,L,32,10,18,0.556,8,13,0.615,6,8,0.75,4,4,8,6,0,0,7,1,34,-9,1
22024,1629029,0022401006,"Mar 19, 2025",LAL vs. DEN,W,32,10,21,0.476,4,9,0.444,7,10,0.7,0,8,8,7,2,1,6,3,31,20,1
22024,1629029,0022400537,"Mar 17, 2025",LAL vs. SAS,W,34,5,20,0.25,1,7,0.143,10,13,0.769,2,7,9,14,3,1,3,1,21,19,1
22024,1629029,0022400977,"Mar 16, 2025",LAL vs. PHX,W,40,8,20,0.4,4,11,0.364,13,14,0.929,1,10,11,8,2,0,4,4,33,16,1
22024,1629029,0022400955,"Mar 13, 2025",LAL @ MIL,L,36,14,27,0.519,7,13,0.538,10,12,0.833,1,10,11,3,2,1,6,2,45,-16,1
22024,1629029,0022400930,"Mar 10, 2025",LAL @ BKN,L,41,8,26,0.308,3,10,0.3,3,4,0.75,1,11,12,12,2,0,5,1,22,3,1
22024,1629029,0022400918,"Mar 08, 2025",LAL @ BOS,L,37,11,22,0.5,5,10,0.5,7,8,0.875,1,7,8,3,1,0,5,2,34,-19,1
22024,1629029,0022400903,"Mar 06, 2025",LAL vs. NYK,W,43,9,23,0.391,4,12,0.333,10,12,0.833,0,7,7,12,4,0,5,5,32,16,1
22024,1629029,0022400890,"Mar 04, 2025",LAL vs. NOP,W,34,9,19,0.474,6,13,0.462,6,11,0.545,1,7,8,15,1,1,5,0,30,37,1
22024,1629029,0022400874,"Mar 02, 2025",LAL vs. LAC,W,37,9,17,0.529,5,12,0.417,6,9,0.667,0,6,6,9,2,0,6,2,29,19,1
22024,1629029,0022400859,"Feb 28, 2025",LAL vs. LAC,W,35,9,22,0.409,3,9,0.333,10,11,0.909,1,1,2,5,3,0,6,5,31,-13,1
22024,1629029,0022400849,"Feb 27, 2025",LAL vs. MIN,W,36,6,20,0.3,1,9,0.111,8,12,0.667,2,11,13,5,0,0,3,2,21,0,1
22024,1629029,0022400835,"Feb 25, 2025",LAL vs. DAL,W,35,6,17,0.353,1,7,0.143,6,8,0.75,2,13,15,12,3,2,2,2,19,8,1
22024,1629029,0022400808,"Feb 22, 2025",LAL @ DEN,W,31,10,22,0.455,4,9,0.444,8,8,1.0,1,9,10,7,4,1,1,0,32,20,1
22024,1629029,0022400524,"Feb 19, 2025",LAL vs. CHA,L,33,5,18,0.278,1,9,0.111,3,4,0.75,1,10,11,8,1,0,6,5,14,13,1
22024,1629029,0022400781,"Feb 12, 2025",LAL @ UTA,L,23,6,13,0.462,3,8,0.375,1,5,0.2,1,3,4,4,1,1,5,5,16,-19,1
22024,1629029,0022400768,"Feb 10, 2025",LAL vs. UTA,W,24,5,14,0.357,1,7,0.143,3,3,1.0,1,4,5,4,0,0,1,3,14,15,1
22024,1629029,0022400406,"Dec 25, 2024",DAL vs. MIN,L,16,5,9,0.556,3,5,0.6,1,1,1.0,1,4,5,2,1,0,3,1,14,-6,1
22024,1629029,0022400401,"Dec 23, 2024",DAL vs. POR,W,30,10,19,0.526,1,7,0.143,6,8,0.75,1,6,7,7,1,0,3,2,27,16,1
22024,1629029,0022401228,"Dec 15, 2024",DAL @ GSW,W,38,16,23,0.696,6,11,0.545,7,9,0.778,2,9,11,13,3,2,3,1,45,18,1
22024,1629029,0022401203,"Dec 10, 2024",DAL @ OKC,L,40,5,15,0.333,2,8,0.25,4,5,0.8,1,10,11,5,4,0,6,3,16,-14,1
22024,1629029,0022400344,"Dec 07, 2024",DAL @ TOR,W,38,9,20,0.45,6,13,0.462,6,6,1.0,0,13,13,11,4,0,4,4,30,10,1
22024,1629029,0022400326,"Dec 05, 2024",DAL @ WAS,W,32,7,17,0.412,3,10,0.3,4,5,0.8,0,10,10,10,2,1,4,2,21,36,1
22024,1629029,0022400056,"Dec 03, 2024",DAL vs. MEM,W,40,11,22,0.5,5,9,0.556,10,16,0.625,3,9,12,4,4,1,3,4,37,16,1
22024,1629029,0022400312,"Dec 01, 2024",DAL @ POR,W,36,15,24,0.625,4,10,0.4,2,4,0.5,0,7,7,13,3,0,3,2,36,1,1
22024,1629029,0022400024,"Nov 19, 2024",DAL vs. NOP,W,30,10,16,0.625,3,8,0.375,3,5,0.6,0,5,5,5,3,1,3,0,26,28,1
22024,1629029,0022400232,"Nov 16, 2024",DAL vs. SAS,W,28,6,16,0.375,3,9,0.333,1,3,0.333,2,4,6,6,2,0,4,4,16,15,1
22024,1629029,0022400228,"Nov 14, 2024",DAL @ UTA,L,38,13,25,0.52,4,13,0.308,7,7,1.0,1,6,7,9,1,0,3,0,37,-8,1
22024,1629029,0022400007,"Nov 12, 2024",DAL @ GSW,L,41,13,27,0.481,2,10,0.2,3,3,1.0,0,8,8,6,3,0,5,2,31,2,1
22024,1629029,0022400208,"Nov 10, 2024",DAL @ DEN,L,41,9,19,0.474,2,8,0.25,4,6,0.667,1,8,9,9,1,1,5,2,24,5,1
22024,1629029,0022400190,"Nov 08, 2024",DAL vs. PHX,L,42,11,25,0.44,5,12,0.417,3,3,1.0,0,7,7,7,1,0,3,3,30,-4,1
22024,1629029,0022400176,"Nov 06, 2024",DAL vs. CHI,W,32,8,19,0.421,3,8,0.375,8,9,0.889,0,7,7,13,4,0,5,3,27,35,1
22024,1629029,0022400165,"Nov 04, 2024",DAL vs. IND,L,42,9,24,0.375,4,10,0.4,12,15,0.8,0,7,7,15,2,0,2,3,34,-3,1
22024,1629029,0022400153,"Nov 03, 2024",DAL vs. ORL,W,32,11,22,0.5,5,13,0.385,5,7,0.714,1,8,9,7,0,0,4,3,32,21,1
22024,1629029,0022400129,"Oct 31, 2024",DAL vs. HOU,L,38,12,25,0.48,3,7,0.429,2,4,0.5,0,5,5,2,1,0,1,5,29,-2,1
22024,1629029,0022400114,"Oct 29, 2024",DAL @ MIN,W,40,10,27,0.37,1,8,0.125,3,4,0.75,1,7,8,8,1,0,3,2,24,3,1
22024,1629029,0022400110,"Oct 28, 2024",DAL vs. UTA,W,33,5,22,0.227,1,9,0.111,4,6,0.667,0,9,9,8,2,1,2,5,15,5,1
22024,1629029,0022400095,"Oct 26, 2024",DAL @ PHX,L,39,12,25,0.48,5,13,0.385,11,12,0.917,1,9,10,4,0,1,2,4,40,-12,1
22024,1629029,0022400074,"Oct 24, 2024",DAL vs. SAS,W,36,9,25,0.36,4,11,0.364,6,8,0.75,1,9,10,8,1,1,4,3,28,6,1
22024,203999,0022401193,"Apr 13, 2025",DEN @ HOU,W,31,7,10,0.7,3,5,0.6,1,2,0.5,1,6,7,7,2,1,1,3,18,34,1
22024,203999,0022401180,"Apr 11, 2025",DEN vs. MEM,W,41,11,19,0.579,1,2,0.5,3,7,0.429,3,13,16,13,2,0,5,3,26,11,1
22024,203999,0022401165,"Apr 09, 2025",DEN @ SAC,W,38,5,12,0.417,0,1,0.0,10,10,1.0,3,9,12,11,4,0,1,2,20,9,1
22024,203999,0022401142,"Apr 06, 2025",DEN vs. IND,L,39,18,33,0.545,3,11,0.273,2,3,0.667,3,12,15,13,2,1,4,0,41,1,1
22024,203999,0022401125,"Apr 04, 2025",DEN @ GSW,L,37,13,17,0.765,4,7,0.571,3,3,1.0,2,10,12,9,2,0,6,2,33,-4,1
22024,203999,0022401102,"Apr 01, 2025",DEN vs. MIN,L,53,18,29,0.621,6,11,0.545,19,24,0.792,2,8,10,10,2,0,4,5,61,2,1
22024,203999,0022401073,"Mar 28, 2025",DEN vs. UTA,W,32,8,18,0.444,1,5,0.2,10,12,0.833,5,9,14,6,4,0,3,0,27,28,1
22024,203999,0022401057,"Mar 26, 2025",DEN vs. MIL,W,38,16,25,0.64,3,6,0.5,4,7,0.571,2,8,10,10,0,0,3,2,39,14,1
22024,203999,0022400975,"Mar 15, 2025",DEN vs. WAS,L,39,16,30,0.533,1,8,0.125,7,7,1.0,3,10,13,9,1,2,3,3,40,6,1
22024,203999,0022400965,"Mar 14, 2025",DEN vs. LAL,W,38,8,16,0.5,0,4,0.0,12,17,0.706,1,6,7,5,3,1,4,5,28,2,1
22024,203999,0022400952,"Mar 12, 2025",DEN vs. MIN,L,38,13,23,0.565,2,6,0.333,6,8,0.75,3,5,8,4,1,0,3,3,34,-24,1
22024,203999,0022400936,"Mar 10, 2025",DEN @ OKC,W,40,15,20,0.75,1,2,0.5,4,5,0.8,2,16,18,8,1,1,1,4,35,8,1
22024,203999,0022400920,"Mar 09, 2025",DEN @ OKC,L,41,10,23,0.435,2,10,0.2,2,6,0.333,2,11,13,9,1,3,2,3,24,-13,1
22024,203999,0022400909,"Mar 07, 2025",DEN vs. PHX,W,45,13,22,0.591,3,7,0.429,2,3,0.667,4,17,21,22,3,0,4,3,31,8,1
22024,203999,0022400896,"Mar 05, 2025",DEN vs. SAC,W,38,9,18,0.5,0,2,0.0,4,6,0.667,5,10,15,6,1,0,7,3,22,-7,1
22024,203999,0022400866,"Mar 02, 2025",DEN @ BOS,L,39,9,15,0.6,2,3,0.667,0,0,0.0,3,11,14,9,2,0,2,2,20,0,1
22024,203999,0022400850,"Feb 28, 2025",DEN @ DET,W,34,6,12,0.5,0,3,0.0,11,12,0.917,0,17,17,15,1,2,7,2,23,33,1
22024,203999,0022400846,"Feb 27, 2025",DEN @ MIL,L,38,13,16,0.813,1,2,0.5,5,7,0.714,1,13,14,10,1,0,5,4,32,-5,1
22024,203999,0022400822,"Feb 24, 2025",DEN @ IND,W,39,9,14,0.643,0,1,0.0,0,0,0.0,0,9,9,19,3,1,4,1,18,17,1
22024,203999,0022400808,"Feb 22, 2025",DEN vs. LAL,L,35,2,7,0.286,0,1,0.0,8,10,0.8,4,9,13,10,1,0,6,3,12,-11,1
22024,203999,0022400794,"Feb 20, 2025",DEN vs. CHA,W,37,11,22,0.5,6,14,0.429,1,2,0.5,4,13,17,9,1,1,2,1,29,14,1
22024,203999,0022400780,"Feb 12, 2025",DEN vs. POR,W,36,11,20,0.55,0,3,0.0,4,4,1.0,3,12,15,10,2,0,4,4,26,6,1
22024,203999,0022400763,"Feb 10, 2025",DEN vs. POR,W,31,15,22,0.682,2,7,0.286,8,8,1.0,1,6,7,8,3,1,5,2,40,22,1
22024,203999,0022400749,"Feb 08, 2025",DEN @ PHX,W,29,11,13,0.846,1,2,0.5,3,3,1.0,4,7,11,9,0,0,2,4,26,19,1
22024,203999,0022400730,"Feb 06, 2025",DEN vs. ORL,W,31,11,16,0.688,2,4,0.5,4,6,0.667,0,10,10,12,2,0,3,2,28,22,1
22024,203999,0022400726,"Feb 05, 2025",DEN vs. NOP,W,36,15,28,0.536,5,13,0.385,3,3,1.0,2,6,8,10,1,1,1,3,38,24,1
22024,203999,0022400706,"Feb 03, 2025",DEN vs. NOP,W,36,9,13,0.692,1,3,0.333,8,10,0.8,1,13,14,10,1,2,1,2,27,11,1
22024,203999,0022400688,"Feb 01, 2025",DEN @ CHA,W,37,9,17,0.529,2,7,0.286,8,9,0.889,1,12,13,17,4,1,4,2,28,-2,1
22024,203999,0022400681,"Jan 31, 2025",DEN @ PHI,W,37,11,16,0.688,2,3,0.667,4,5,0.8,2,7,9,13,2,0,6,3,28,0,1
22024,203999,0022400668,"Jan 29, 2025",DEN @ NYK,L,33,6,15,0.4,3,7,0.429,2,2,1.0,0,6,6,6,2,1,2,3,17,-3,1
22024,203999,0022400655,"Jan 27, 2025",DEN @ CHI,L,40,15,21,0.714,1,4,0.25,2,2,1.0,2,10,12,14,1,1,4,1,33,1,1
22024,203999,0022400634,"Jan 25, 2025",DEN @ MIN,L,32,9,13,0.692,2,4,0.5,0,1,0.0,1,2,3,11,0,0,7,0,20,-24,1
22024,203999,0022400626,"Jan 23, 2025",DEN vs. SAC,W,37,12,19,0.632,2,3,0.667,9,10,0.9,3,19,22,17,1,2,1,5,35,11,1
22024,203999,0022400609,"Jan 21, 2025",DEN vs. PHI,W,30,10,15,0.667,2,3,0.667,5,5,1.0,5,8,13,10,4,1,2,1,27,21,1
22024,203999,0022400593,"Jan 19, 2025",DEN @ ORL,W,30,7,9,0.778,0,0,0.0,6,7,0.857,1,13,14,10,3,3,2,0,20,20,1
22024,203999,0022400579,"Jan 17, 2025",DEN @ MIA,W,31,9,12,0.75,1,2,0.5,5,5,1.0,2,10,12,10,1,0,2,1,24,6,1
22024,203999,0022400559,"Jan 14, 2025",DEN @ DAL,W,29,4,7,0.571,1,2,0.5,1,2,0.5,2,12,14,10,2,0,1,3,10,23,1
22024,203999,0022400540,"Jan 12, 2025",DEN @ DAL,W,39,6,13,0.462,0,2,0.0,7,9,0.778,4,14,18,9,3,0,4,4,19,-2,1
22024,203999,0022400531,"Jan 10, 2025",DEN vs. BKN,W,38,14,21,0.667,1,1,1.0,6,8,0.75,5,7,12,15,4,0,1,1,35,33,1
22024,203999,0022400484,"Jan 04, 2025",DEN @ SAS,W,43,19,35,0.543,3,8,0.375,5,6,0.833,4,5,9,10,2,2,2,3,46,7,1
22024,203999,0022400475,"Jan 03, 2025",DEN vs. SAS,L,37,15,36,0.417,3,10,0.3,8,9,0.889,4,14,18,9,2,0,2,3,41,7,1
22024,203999,0022400461,"Jan 01, 2025",DEN vs. ATL,W,30,8,16,0.5,1,1,1.0,6,6,1.0,3,14,17,15,0,1,2,2,23,31,1
22024,203999,0022400445,"Dec 30, 2024",DEN @ UTA,W,38,14,33,0.424,3,9,0.333,5,6,0.833,7,15,22,11,4,0,2,0,36,20,1
22024,203999,0022400432,"Dec 28, 2024",DEN vs. DET,W,37,11,17,0.647,4,5,0.8,11,14,0.786,1,8,9,8,0,0,2,4,37,25,1
22024,203999,0022400424,"Dec 27, 2024",DEN vs. CLE,L,36,12,19,0.632,0,3,0.0,3,4,0.75,3,11,14,13,3,0,1,1,27,-15,1
22024,203999,0022400409,"Dec 25, 2024",DEN @ PHX,L,38,10,19,0.526,2,7,0.286,3,4,0.75,5,10,15,2,2,0,2,1,25,-3,1
22024,203999,0022400402,"Dec 23, 2024",DEN vs. PHX,W,30,12,17,0.706,4,6,0.667,4,5,0.8,0,2,2,7,0,0,1,1,32,19,1
22024,203999,0022400390,"Dec 22, 2024",DEN @ NOP,W,43,11,20,0.55,2,3,0.667,3,5,0.6,2,11,13,10,1,1,3,5,27,6,1
22024,203999,0022400371,"Dec 19, 2024",DEN @ POR,L,37,13,18,0.722,4,6,0.667,4,4,1.0,0,6,6,8,1,0,3,4,34,-5,1
22024,203999,0022401225,"Dec 16, 2024",DEN @ SAC,W,38,8,19,0.421,1,6,0.167,3,4,0.75,2,12,14,13,2,1,5,0,20,4,1
22024,203999,0022401213,"Dec 13, 2024",DEN vs. LAC,W,30,6,9,0.667,2,2,1.0,2,4,0.5,0,7,7,2,2,0,5,2,16,14,1
22024,203999,0022400350,"Dec 08, 2024",DEN @ ATL,W,35,17,29,0.586,3,6,0.5,11,13,0.846,3,11,14,8,3,0,3,2,48,25,1
22024,203999,0022400341,"Dec 07, 2024",DEN @ WAS,L,39,22,39,0.564,3,6,0.5,9,13,0.692,7,9,16,8,1,0,5,5,56,-1,1
22024,203999,0022400325,"Dec 05, 2024",DEN @ CLE,L,39,13,26,0.5,0,3,0.0,1,1,1.0,3,17,20,11,3,0,3,3,27,-8,1
22024,203999,0022400058,"Dec 03, 2024",DEN vs. GSW,W,40,14,24,0.583,3,4,0.75,7,9,0.778,2,8,10,6,5,1,4,1,38,23,1
22024,203999,0022400314,"Dec 01, 2024",DEN @ LAC,L,39,12,24,0.5,2,7,0.286,2,4,0.5,3,11,14,11,1,1,5,3,28,-7,1
22024,203999,0022400298,"Nov 27, 2024",DEN @ UTA,W,34,13,19,0.684,2,3,0.667,2,3,0.667,3,7,10,7,1,1,1,1,30,20,1
22024,203999,0022400283,"Nov 25, 2024",DEN vs. NYK,L,32,9,20,0.45,2,7,0.286,2,2,1.0,3,4,7,7,1,0,0,1,22,-20,1
22024,203999,0022400270,"Nov 23, 2024",DEN @ LAL,W,37,12,20,0.6,3,7,0.429,7,8,0.875,2,11,13,8,2,1,6,3,34,39,1
22024,203999,0022400033,"Nov 22, 2024",DEN vs. DAL,L,39,13,22,0.591,2,2,1.0,5,7,0.714,6,11,17,10,0,0,3,0,33,4,1
22024,203999,0022400208,"Nov 10, 2024",DEN vs. DAL,W,38,13,21,0.619,3,3,1.0,8,8,1.0,8,10,18,15,3,0,4,2,37,13,1
22024,203999,0022400194,"Nov 08, 2024",DEN vs. MIA,W,40,11,13,0.846,1,1,1.0,7,7,1.0,2,9,11,14,2,0,5,2,30,26,1
22024,203999,0022400177,"Nov 06, 2024",DEN vs. OKC,W,39,9,20,0.45,1,3,0.333,4,6,0.667,7,13,20,16,2,2,5,2,23,8,1
22024,203999,0022400166,"Nov 04, 2024",DEN vs. TOR,W,38,10,22,0.455,1,5,0.2,7,8,0.875,5,9,14,13,1,2,7,2,28,-1,1
22024,203999,0022400148,"Nov 02, 2024",DEN vs. UTA,W,30,10,18,0.556,3,4,0.75,4,4,1.0,5,11,16,9,1,0,5,1,27,31,1
22024,203999,0022400139,"Nov 01, 2024",DEN @ MIN,L,40,8,16,0.5,2,3,0.667,8,10,0.8,2,7,9,13,3,1,3,1,26,6,1
22024,203999,0022400113,"Oct 29, 2024",DEN @ BKN,W,41,9,16,0.563,0,0,0.0,11,13,0.846,6,12,18,16,0,1,1,3,29,8,1
22024,203999,0022400107,"Oct 28, 2024",DEN @ TOR,W,44,18,27,0.667,3,5,0.6,1,2,0.5,3,7,10,4,1,2,3,2,40,9,1
22024,203999,0022400087,"Oct 26, 2024",DEN vs. LAC,L,37,14,26,0.538,7,12,0.583,6,8,0.75,3,6,9,4,2,1,5,2,41,7,1
22024,203999,0022400075,"Oct 24, 2024",DEN vs. OKC,L,35,6,13,0.462,1,3,0.333,3,4,0.75,4,8,12,13,2,1,3,3,16,-9,1
22024,203507,0022401171,"Apr 11, 2025",MIL @ DET,W,38,11,22,0.5,0,2,0.0,10,11,0.909,1,10,11,15,1,2,3,0,32,22,1
22024,203507,0022401161,"Apr 10, 2025",MIL vs. NOP,W,26,11,17,0.647,1,2,0.5,5,10,0.5,2,9,11,5,0,1,0,1,28,6,1
22024,203507,0022401152,"Apr 08, 2025",MIL vs. MIN,W,38,9,15,0.6,1,2,0.5,4,11,0.364,3,10,13,10,1,1,0,0,23,26,1
22024,203507,0022401131,"Apr 05, 2025",MIL @ MIA,W,43,13,21,0.619,0,1,0.0,10,14,0.714,0,15,15,10,0,1,3,1,36,17,1
22024,203507,0022401115,"Apr 03, 2025",MIL @ PHI,W,39,12,19,0.632,1,1,1.0,10,11,0.909,2,15,17,20,2,0,2,0,35,23,1
22024,203507,0022401101,"Apr 01, 2025",MIL vs. PHX,W,36,12,18,0.667,2,4,0.5,11,12,0.917,0,5,5,11,3,1,2,1,37,23,1
22024,203507,0022401083,"Mar 30, 2025",MIL vs. ATL,L,30,11,18,0.611,0,1,0.0,9,14,0.643,1,8,9,5,1,0,5,3,31,-18,1
22024,203507,0022401070,"Mar 28, 2025",MIL vs. NYK,L,35,11,17,0.647,0,3,0.0,8,11,0.727,1,8,9,7,0,0,2,5,30,-6,1
22024,203507,0022401043,"Mar 24, 2025",MIL @ PHX,L,37,12,19,0.632,1,2,0.5,6,13,0.462,1,9,10,5,1,0,2,3,31,-4,1
22024,203507,0022401027,"Mar 22, 2025",MIL @ SAC,W,35,12,20,0.6,0,0,0.0,8,13,0.615,6,11,17,3,1,1,2,2,32,-6,1
22024,203507,0022400996,"Mar 20, 2025",MIL @ LAL,W,29,9,15,0.6,0,0,0.0,10,12,0.833,1,6,7,4,2,1,3,1,28,19,1
22024,203507,0022401012,"Mar 18, 2025",MIL @ GSW,L,39,5,16,0.313,0,1,0.0,10,15,0.667,2,7,9,7,3,2,1,2,20,-7,1
22024,203507,0022400982,"Mar 16, 2025",MIL vs. OKC,L,36,7,15,0.467,0,0,0.0,7,12,0.583,3,9,12,10,1,2,1,1,21,-13,1
22024,203507,0022400972,"Mar 15, 2025",MIL vs. IND,W,35,14,19,0.737,0,0,0.0,6,6,1.0,1,9,10,7,1,3,6,6,34,2,1
22024,203507,0022400955,"Mar 13, 2025",MIL vs. LAL,W,30,8,17,0.471,0,1,0.0,8,13,0.615,2,10,12,9,1,1,3,1,24,22,1
22024,203507,0022400942,"Mar 11, 2025",MIL @ IND,L,34,9,14,0.643,0,1,0.0,1,3,0.333,2,15,17,7,0,1,3,3,19,10,1
22024,203507,0022400922,"Mar 09, 2025",MIL vs. CLE,L,34,13,24,0.542,0,0,0.0,4,8,0.5,4,5,9,3,2,0,4,1,30,-13,1
22024,203507,0022400917,"Mar 08, 2025",MIL vs. ORL,L,35,15,23,0.652,0,0,0.0,7,11,0.636,4,7,11,4,1,0,1,1,37,2,1
22024,203507,0022400897,"Mar 05, 2025",MIL vs. DAL,W,25,13,20,0.65,0,0,0.0,6,6,1.0,4,11,15,4,1,0,3,3,32,30,1
22024,203507,0022400884,"Mar 04, 2025",MIL @ ATL,W,34,9,18,0.5,0,2,0.0,8,12,0.667,3,9,12,10,1,0,3,2,26,9,1
22024,203507,0022400865,"Mar 01, 2025",MIL @ DAL,W,32,9,14,0.643,0,1,0.0,11,13,0.846,2,7,9,9,1,2,0,2,29,22,1
22024,203507,0022400846,"Feb 27, 2025",MIL vs. DEN,W,33,11,23,0.478,1,2,0.5,5,8,0.625,2,17,19,7,0,1,2,3,28,8,1
22024,203507,0022400831,"Feb 25, 2025",MIL @ HOU,L,32,9,17,0.529,0,1,0.0,9,12,0.75,1,9,10,6,1,1,1,2,27,1,1
22024,203507,0022400817,"Feb 23, 2025",MIL vs. MIA,W,32,11,18,0.611,1,2,0.5,0,0,0.0,3,13,16,7,1,1,3,2,23,16,1
22024,203507,0022400799,"Feb 21, 2025",MIL @ WAS,W,19,6,9,0.667,0,0,0.0,6,11,0.545,2,4,6,3,1,1,7,6,18,1,1
22024,203507,0022400793,"Feb 20, 2025",MIL vs. LAC,W,24,10,14,0.714,0,2,0.0,3,5,0.6,0,8,8,4,0,1,3,3,23,-1,1
22024,203507,0022400699,"Feb 02, 2025",MIL vs. MEM,L,37,14,21,0.667,2,3,0.667,0,6,0.0,4,7,11,7,2,1,4,3,30,-3,1
22024,203507,0022400684,"Jan 31, 2025",MIL @ SAS,L,34,13,23,0.565,0,1,0.0,9,14,0.643,4,10,14,6,0,1,2,3,35,-13,1
22024,203507,0022400662,"Jan 28, 2025",MIL @ POR,L,36,17,24,0.708,0,0,0.0,5,10,0.5,4,8,12,5,0,0,4,4,39,-11,1
22024,203507,0022400658,"Jan 27, 2025",MIL @ UTA,W,37,16,23,0.696,0,1,0.0,3,10,0.3,1,17,18,7,2,0,2,2,35,19,1
22024,203507,0022400646,"Jan 25, 2025",MIL @ LAC,L,35,12,22,0.545,0,1,0.0,12,15,0.8,2,11,13,1,0,1,4,3,36,-10,1
22024,203507,0022400624,"Jan 23, 2025",MIL vs. MIA,W,32,10,18,0.556,0,0,0.0,5,10,0.5,2,10,12,4,0,3,1,2,25,19,1
22024,203507,0022400594,"Jan 19, 2025",MIL vs. PHI,W,36,13,17,0.765,0,0,0.0,8,14,0.571,3,12,15,6,0,0,0,2,34,25,1
22024,203507,0022400580,"Jan 17, 2025",MIL vs. TOR,W,35,12,20,0.6,0,1,0.0,11,18,0.611,4,9,13,3,1,1,6,3,35,14,1
22024,203507,0022400564,"Jan 15, 2025",MIL vs. ORL,W,30,11,15,0.733,0,0,0.0,4,8,0.5,0,11,11,4,1,0,6,0,26,25,1
22024,203507,0022400558,"Jan 14, 2025",MIL vs. SAC,W,37,14,23,0.609,0,2,0.0,5,7,0.714,1,10,11,13,0,2,3,3,33,30,1
22024,203507,0022400539,"Jan 12, 2025",MIL @ NYK,L,31,10,21,0.476,0,1,0.0,4,10,0.4,7,6,13,2,0,1,4,3,24,-20,1
22024,203507,0022400526,"Jan 10, 2025",MIL @ ORL,W,37,19,29,0.655,0,1,0.0,3,10,0.3,3,11,14,4,3,2,3,4,41,-3,1
22024,203507,0022400516,"Jan 08, 2025",MIL vs. SAS,W,36,11,21,0.524,0,1,0.0,3,7,0.429,3,13,16,8,0,1,4,1,25,13,1
22024,203507,0022400497,"Jan 06, 2025",MIL @ TOR,W,29,5,8,0.625,0,1,0.0,1,2,0.5,1,11,12,13,0,0,7,1,11,27,1
22024,203507,0022400483,"Jan 04, 2025",MIL vs. POR,L,38,14,27,0.519,0,1,0.0,3,4,0.75,2,9,11,2,2,2,4,2,31,-3,1
22024,203507,0022400465,"Jan 02, 2025",MIL vs. BKN,L,37,12,24,0.5,0,0,0.0,3,10,0.3,3,10,13,7,1,3,3,4,27,12,1
22024,203507,0022400450,"Dec 31, 2024",MIL @ IND,W,35,11,20,0.55,0,0,0.0,8,13,0.615,2,10,12,5,2,0,2,4,30,12,1
22024,203507,0022400374,"Dec 20, 2024",MIL @ CLE,L,30,13,22,0.591,1,1,1.0,6,10,0.6,2,12,14,3,3,0,5,2,33,-19,1
22024,203507,0022401229,"Dec 14, 2024",MIL vs. ATL,W,38,10,15,0.667,0,0,0.0,12,18,0.667,1,13,14,9,1,4,1,1,32,3,1
22024,203507,0022401201,"Dec 10, 2024",MIL vs. ORL,W,36,15,24,0.625,0,2,0.0,7,12,0.583,1,6,7,1,2,4,6,1,37,5,1
22024,203507,0022400348,"Dec 08, 2024",MIL @ BKN,W,38,14,22,0.636,0,0,0.0,6,10,0.6,2,9,11,4,1,3,3,2,34,10,1
22024,203507,0022400335,"Dec 06, 2024",MIL @ BOS,L,36,13,25,0.52,0,1,0.0,4,6,0.667,1,10,11,1,0,0,1,0,30,-4,1
22024,203507,0022400323,"Dec 04, 2024",MIL vs. ATL,L,36,8,14,0.571,0,0,0.0,15,26,0.577,4,7,11,5,1,0,4,2,31,-11,1
22024,203507,0022400052,"Dec 03, 2024",MIL @ DET,W,28,10,11,0.909,0,0,0.0,8,12,0.667,1,6,7,8,0,1,6,2,28,18,1
22024,203507,0022400302,"Nov 30, 2024",MIL vs. WAS,W,38,15,24,0.625,0,0,0.0,12,17,0.706,2,10,12,11,0,1,4,0,42,9,1
22024,203507,0022400268,"Nov 23, 2024",MIL vs. CHA,W,31,12,23,0.522,1,3,0.333,7,10,0.7,2,9,11,6,0,2,4,1,32,-2,1
22024,203507,0022400029,"Nov 22, 2024",MIL vs. IND,W,35,14,21,0.667,0,0,0.0,9,11,0.818,2,8,10,11,2,1,6,4,37,16,1
22024,203507,0022400253,"Nov 20, 2024",MIL vs. CHI,W,35,17,24,0.708,0,1,0.0,7,14,0.5,1,8,9,8,1,0,1,1,41,7,1
22024,203507,0022400248,"Nov 18, 2024",MIL vs. HOU,W,36,9,17,0.529,0,0,0.0,2,7,0.286,2,11,13,4,0,3,8,3,20,-2,1
22024,203507,0022400229,"Nov 16, 2024",MIL @ CHA,L,33,11,22,0.5,0,1,0.0,0,1,0.0,2,13,15,12,0,2,2,2,22,-2,1
22024,203507,0022400223,"Nov 13, 2024",MIL vs. DET,W,44,21,34,0.618,1,2,0.5,16,17,0.941,3,11,14,7,2,3,3,1,59,7,1
22024,203507,0022400005,"Nov 12, 2024",MIL vs. TOR,W,33,9,12,0.75,0,1,0.0,5,9,0.556,1,3,4,7,0,4,4,2,23,1,1
22024,203507,0022400202,"Nov 10, 2024",MIL vs. BOS,L,39,18,29,0.621,1,2,0.5,6,10,0.6,1,12,13,5,0,2,1,4,43,-6,1
22024,203507,0022400189,"Nov 08, 2024",MIL @ NYK,L,32,11,21,0.524,0,1,0.0,2,6,0.333,3,9,12,2,0,2,1,2,24,-17,1
22024,203507,0022400182,"Nov 07, 2024",MIL vs. UTA,W,30,11,21,0.524,0,0,0.0,9,12,0.75,6,10,16,2,1,1,4,5,31,27,1
22024,203507,0022400145,"Nov 02, 2024",MIL vs. CLE,L,39,15,27,0.556,0,0,0.0,4,7,0.571,6,10,16,9,1,0,0,5,34,5,1
22024,203507,0022400128,"Oct 31, 2024",MIL @ MEM,L,34,17,22,0.773,0,0,0.0,3,8,0.375,1,10,11,4,1,1,1,4,37,0,1
22024,203507,0022400104,"Oct 28, 2024",MIL @ BOS,L,39,14,26,0.538,0,2,0.0,2,6,0.333,1,9,10,6,0,0,7,4,30,-19,1
22024,203507,0022400098,"Oct 27, 2024",MIL @ BKN,L,33,7,11,0.636,0,0,0.0,8,11,0.727,1,11,12,7,1,1,4,3,22,-11,1
22024,203507,0022400083,"Oct 25, 2024",MIL vs. CHI,L,35,15,23,0.652,0,1,0.0,8,16,0.5,1,10,11,5,0,0,3,1,38,-12,1
22024,203507,0022400066,"Oct 23, 2024",MIL @ PHI,W,31,8,11,0.727,0,0,0.0,9,16,0.563,1,13,14,7,0,1,3,4,25,7,1
