PLAYER_ID,DISPLAY_FIRST_LAST,COUNTRY,HEIGHT,POSITION,TEAM_ABBREVIATION,TEAM_ID,BIRTHDATE,Partidos_Lesionado,PTS,AST,REB,STL,BLK,TOV,PF,MIN,FGM,FGA,FG3M,FG3A,FTM,FTA,GP,Edad
1630173,Precious Achiuwa,Nigeria,6-8,Forward,SAC,1610612758,1999-09-19T00:00:00,0,215,34,160,25,13,15,52,596,89,183,10,31,27,55,30,27.0
203500,Steven Adams,New Zealand,6-11,Center,HOU,1610612745,1993-07-20T00:00:00,0,157,37,222,18,14,29,45,573,58,117,0,0,41,67,26,33.0
1628389,Bam Adebayo,USA,6-9,Center-Forward,MIA,1610612748,1997-07-18T00:00:00,0,490,75,278,28,24,54,49,897,179,397,38,117,94,123,29,29.0
1630534,Ochai Agbaji,USA,6-5,Guard,TOR,1610612761,2000-04-20T00:00:00,0,125,24,66,14,6,8,55,463,50,119,7,41,18,21,29,26.0
1630583,Santi Aldama,Spain,7-0,Forward-Center,MEM,1610612763,2001-01-10T00:00:00,0,509,110,246,34,26,50,56,1007,192,411,60,178,65,94,36,25.0
1641725,Trey Alexander,USA,6-5,Guard,NOP,1610612740,2003-05-02T00:00:00,0,14,5,4,1,1,1,4,40,6,9,2,3,0,0,4,23.0
1629638,Nickeil Alexander-Walker,Canada,6-5,Guard,ATL,1610612737,1998-09-02T00:00:00,0,739,117,123,35,21,78,76,1187,254,568,108,282,123,144,36,28.0
1628960,Grayson Allen,USA,6-3,Guard,PHX,1610612756,1995-10-08T00:00:00,0,294,80,52,34,4,34,44,581,100,238,58,152,36,45,19,31.0
1628386,Jarrett Allen,USA,6-9,Center,CLE,1610612739,1998-04-21T00:00:00,0,361,55,206,26,20,43,48,678,143,240,1,7,74,98,26,28.0
1630631,Jose Alvarado,USA,6-0,Guard,NOP,1610612740,1998-04-12T00:00:00,0,277,114,98,35,4,45,72,777,101,238,56,155,19,23,35,28.0
203937,Kyle Anderson,USA,6-8,Forward-Guard,UTA,1610612762,1993-09-20T00:00:00,0,82,29,31,15,5,11,26,194,32,59,1,1,17,22,10,33.0
1630828,Alex Antetokounmpo,Greece,6-8,Forward,MIL,1610612749,2001-08-27T00:00:00,0,0,0,0,0,0,0,0,0,0,0,0,0,0,0,0,25.0
203507,Giannis Antetokounmpo,Greece,6-11,Forward,MIL,1610612749,1994-12-06T00:00:00,0,645,121,220,19,17,72,58,636,245,381,11,28,144,216,22,32.0
203648,Thanasis Antetokounmpo,Greece,6-7,Forward,MIL,1610612749,1992-07-18T00:00:00,0,18,0,5,3,3,1,7,28,6,9,0,0,6,9,11,34.0
1630175,Cole Anthony,USA,6-2,Guard,MIL,1610612749,2000-05-15T00:00:00,0,176,99,69,17,8,51,57,405,74,173,15,52,13,22,27,26.0
1628384,OG Anunoby,United Kingdom,6-7,Forward-Guard,NYK,1610612752,1997-07-17T00:00:00,0,393,55,143,48,20,55,68,845,135,304,52,150,71,87,26,29.0
1630166,Deni Avdija,Israel,6-8,Forward,POR,1610612757,2001-01-03T00:00:00,0,957,264,269,29,23,141,107,1302,291,622,87,239,288,363,37,25.0
1629028,Deandre Ayton,Bahamas,7-0,Center,LAL,1610612747,1998-07-23T00:00:00,0,432,27,256,25,31,52,77,887,202,290,0,0,28,47,30,28.0
1628963,Marvin Bagley III,USA,6-10,Forward,WAS,1610612764,1999-03-14T00:00:00,0,301,47,163,16,21,32,67,583,121,191,6,14,53,72,30,27.0
1642846,Ace Bailey,USA,6-9,Forward,UTA,1610612762,2006-08-13T00:00:00,0,311,46,98,22,11,37,74,712,123,281,45,126,20,30,30,20.0
1630163,LaMelo Ball,USA,6-7,Guard,CHA,1610612766,2001-08-22T00:00:00,0,512,206,131,31,6,90,74,729,176,428,85,229,75,86,26,25.0
1628366,Lonzo Ball,USA,6-5,Guard,CLE,1610612739,1997-10-27T00:00:00,0,136,118,110,36,8,43,37,604,45,148,32,121,14,20,27,29.0
1631094,Paolo Banchero,USA,6-10,Forward,ORL,1610612753,2002-11-12T00:00:00,0,560,126,227,17,20,69,61,892,188,415,26,98,158,213,27,24.0
1630217,Desmond Bane,USA,6-6,Guard,ORL,1610612753,1998-06-25T00:00:00,0,709,169,169,28,20,80,113,1245,257,566,65,185,130,141,37,28.0
1631230,Dominick Barlow,USA,6-9,Forward,PHI,1610612755,2003-05-26T00:00:00,0,200,37,121,21,19,24,57,597,78,147,10,40,34,43,24,23.0
203084,Harrison Barnes,USA,6-7,Forward,SAS,1610612759,1992-05-30T00:00:00,0,422,73,120,30,4,38,49,1046,144,323,72,192,62,70,36,34.0
1630567,Scottie Barnes,USA,6-8,Forward-Guard,TOR,1610612761,2001-08-01T00:00:00,0,707,199,317,50,55,95,106,1264,278,549,43,122,108,129,37,25.0
1642964,Brooks Barnhizer,USA,6-5,Guard,OKC,1610612760,2002-03-02T00:00:00,0,29,9,36,3,2,3,11,154,12,26,1,5,4,6,20,24.0
1629628,RJ Barrett,Canada,6-6,Forward-Guard,TOR,1610612761,2000-06-14T00:00:00,0,404,76,105,18,4,35,53,635,150,299,40,112,64,94,21,26.0
1629646,Charles Bassey,Nigeria,6-10,Center-Forward,,0,2000-10-28T00:00:00,0,7,2,15,1,1,1,5,30,3,8,0,0,1,3,2,26.0
1642926,Tamar Bates,USA,6-4,Guard,DEN,1610612743,2003-02-21T00:00:00,0,0,0,0,0,0,0,0,0,0,0,0,0,0,0,0,23.0
1642419,Jamison Battle,USA,6-7,Forward,TOR,1610612761,2001-05-10T00:00:00,0,86,9,34,4,1,8,18,197,33,55,16,32,4,5,25,25.0
201587,Nicolas Batum,France,6-7,Guard-Forward,LAC,1610612746,1988-12-14T00:00:00,0,171,27,89,28,14,21,64,705,55,135,53,129,8,9,34,38.0
203078,Bradley Beal,USA,6-4,Guard,LAC,1610612746,1993-06-28T00:00:00,0,49,10,5,3,0,9,14,121,18,48,7,19,6,8,6,33.0
1642866,Joan Beringer,France,6-11,Forward,MIN,1610612750,2006-11-11T00:00:00,0,24,0,19,1,5,3,9,59,11,17,0,0,2,3,13,20.0
1630180,Saddiq Bey,USA,6-8,Guard-Forward,NOP,1610612740,1999-04-09T00:00:00,0,513,78,199,32,2,21,35,1017,185,419,56,176,87,108,34,27.0
1629048,Goga Bitadze,Georgia,6-11,Center-Forward,ORL,1610612753,1999-07-20T00:00:00,0,198,44,166,23,41,20,76,554,80,114,2,8,36,47,33,27.0
202687,Bismack Biyombo,DRC,6-8,Center,SAS,1610612759,1992-08-28T00:00:00,0,9,3,7,3,1,3,10,64,4,6,0,0,1,2,10,34.0
1641710,Anthony Black,USA,6-7,Guard,ORL,1610612753,2004-01-20T00:00:00,0,576,140,152,48,27,85,105,1105,209,455,55,162,103,144,37,22.0
203992,Bogdan Bogdanović,Serbia,6-5,Guard,LAC,1610612746,1992-08-18T00:00:00,0,128,43,46,8,1,19,40,359,44,117,24,72,16,19,16,34.0
1641737,Adem Bona,Nigeria,6-10,Forward,PHI,1610612755,2003-03-28T00:00:00,0,104,8,105,9,37,17,57,443,36,64,2,5,30,47,26,23.0
1626164,Devin Booker,USA,6-5,Guard,PHX,1610612756,1996-10-30T00:00:00,0,849,207,134,30,12,112,91,1126,279,603,54,181,237,277,33,30.0
1628449,Chris Boucher,Saint Lucia,6-8,Forward,BOS,1610612738,1993-01-11T00:00:00,0,18,3,18,5,7,1,16,90,7,22,1,12,3,4,8,33.0
1628396,Tony Bradley,USA,6-10,Center-Forward,,0,1998-01-08T00:00:00,0,114,15,76,3,5,12,54,312,45,80,0,1,24,33,29,28.0
1631103,Malaki Branham,USA,6-4,Forward,WAS,1610612764,2003-05-12T00:00:00,0,68,12,30,2,1,9,14,153,22,49,5,20,19,24,19,23.0
1631128,Christian Braun,USA,6-6,Guard,DEN,1610612743,2001-04-17T00:00:00,0,128,33,50,9,4,14,27,348,49,101,6,29,24,31,12,25.0
1642886,Koby Brea,USA,6-5,Guard,PHX,1610612756,2002-11-06T00:00:00,0,4,2,1,0,0,0,0,8,1,3,0,2,2,2,2,24.0
1628969,Mikal Bridges,USA,6-6,Guard-Forward,NYK,1610612752,1996-08-30T00:00:00,0,577,156,160,59,32,38,71,1262,231,453,83,204,32,42,36,30.0
1628970,Miles Bridges,USA,6-7,Forward,CHA,1610612766,1998-03-21T00:00:00,0,704,128,229,20,20,52,63,1179,248,565,81,251,127,150,35,28.0
1628415,Dillon Brooks,Canada,6-7,Guard-Forward,PHX,1610612756,1996-01-22T00:00:00,0,635,50,94,37,2,61,104,932,236,512,70,207,93,111,30,30.0
1641780,Johni Broome,USA,6-10,Forward,PHI,1610612755,2002-07-19T00:00:00,0,10,4,13,2,0,2,5,40,4,20,0,3,2,4,7,24.0
1628971,Bruce Brown,USA,6-4,Guard-Forward,DEN,1610612743,1996-08-15T00:00:00,0,266,79,154,37,8,40,87,895,105,224,19,58,37,48,36,30.0
1627759,Jaylen Brown,USA,6-6,Guard-Forward,BOS,1610612738,1996-10-24T00:00:00,0,977,163,209,35,14,119,102,1119,360,718,69,190,188,242,33,30.0
1641738,Kobe Brown,USA,6-7,Forward,LAC,1610612746,2000-01-01T00:00:00,0,77,22,42,7,2,11,13,241,25,66,10,42,17,20,23,26.0
1628973,Jalen Brunson,USA,6-2,Guard,NYK,1610612752,1996-08-31T00:00:00,0,962,207,108,25,2,76,82,1166,342,720,99,261,179,212,33,30.0
1642868,Carter Bryant,USA,6-6,Forward,SAS,1610612759,2005-11-26T00:00:00,0,60,5,43,4,2,9,22,216,22,71,10,39,6,8,28,21.0
1628418,Thomas Bryant,USA,6-9,Center-Forward,CLE,1610612739,1997-07-31T00:00:00,0,135,12,77,7,11,10,32,273,48,94,15,45,24,29,28,29.0
202710,Jimmy Butler III,USA,6-6,Forward,GSW,1610612744,1989-09-14T00:00:00,0,629,157,176,48,8,52,39,1017,193,378,27,67,216,252,32,37.0
1641824,Matas Buzelis,USA,6-8,Forward,CHI,1610612741,2004-10-13T00:00:00,0,530,61,191,28,48,64,95,996,191,392,62,178,86,111,36,22.0
1631288,Jamal Cain,USA,6-7,Forward,ORL,1610612753,1999-03-20T00:00:00,0,46,4,12,4,1,4,19,108,13,33,5,16,15,18,14,27.0
203484,Kentavious Caldwell-Pope,USA,6-5,Guard,MEM,1610612763,1993-02-18T00:00:00,0,294,109,84,30,7,45,38,760,100,245,44,124,50,54,35,33.0
1641739,Toumani Camara,Belgium,6-7,Forward,POR,1610612757,2000-05-08T00:00:00,0,474,102,193,38,15,79,124,1238,167,402,95,271,45,67,37,26.0
203991,Clint Capela,Switzerland,6-10,Center,HOU,1610612745,1994-05-18T00:00:00,0,114,14,139,16,20,14,26,346,51,94,0,0,12,24,30,32.0
1642928,Dylan Cardwell,USA,6-10,Center,SAC,1610612758,2001-12-16T00:00:00,0,39,9,54,9,17,8,35,174,14,26,0,1,11,20,10,25.0
1642382,Branden Carlson,USA,7-0,Center,OKC,1610612760,1999-06-14T00:00:00,0,142,17,69,5,12,10,25,302,58,105,18,49,8,15,27,27.0
1642267,Bub Carrington,USA,6-4,Guard,WAS,1610612764,2005-07-21T00:00:00,0,324,151,134,17,8,74,82,941,113,283,66,157,32,46,35,21.0
1642269,Devin Carter,USA,6-2,Guard,SAC,1610612758,2002-03-18T00:00:00,0,36,13,14,6,2,8,10,98,12,37,5,20,7,7,11,24.0
1628975,Jevon Carter,USA,6-0,Guard,CHI,1610612741,1995-09-14T00:00:00,0,105,18,21,11,0,9,15,222,34,87,27,65,10,10,17,31.0
1628976,Wendell Carter Jr.,USA,6-10,Center-Forward,ORL,1610612753,1999-04-16T00:00:00,0,439,74,279,25,23,45,133,1085,153,299,43,115,90,119,36,27.0
1627936,Alex Caruso,USA,6-5,Guard,OKC,1610612760,1994-02-28T00:00:00,0,156,54,76,38,9,22,32,478,57,136,26,85,16,18,26,32.0
1642264,Stephon Castle,USA,6-6,Guard,SAS,1610612759,2004-11-01T00:00:00,0,480,189,139,35,7,101,97,832,164,343,29,106,123,168,27,22.0
1630658,Colin Castleton,USA,6-10,Center,ORL,1610612753,2000-05-25T00:00:00,0,0,0,0,0,0,0,0,0,0,0,0,0,0,0,0,26.0
1630577,Julian Champagnie,USA,6-7,Forward,SAS,1610612759,2001-06-29T00:00:00,0,400,51,210,34,15,37,54,997,129,305,87,233,55,65,36,25.0
1630551,Justin Champagnie,USA,6-6,Guard-Forward,WAS,1610612764,2001-06-29T00:00:00,0,217,31,179,24,20,14,54,565,81,164,21,63,34,48,33,25.0
1642353,Cam Christie,USA,6-5,Guard,LAC,1610612746,2005-07-24T00:00:00,0,76,12,38,6,2,6,12,209,23,67,9,31,21,30,22,21.0
1631108,Max Christie,USA,6-5,Guard,DAL,1610612742,2003-02-10T00:00:00,0,430,73,120,17,14,41,55,1007,146,303,84,185,54,63,35,23.0
1630619,Moussa Cisse,Guinea,6-11,Center,DAL,1610612742,2002-09-10T00:00:00,0,59,3,69,5,20,14,31,201,23,38,0,0,13,31,20,24.0
1631321,Sidy Cissoko,France,6-6,Guard,POR,1610612757,2004-04-02T00:00:00,0,196,50,70,20,9,36,81,658,65,167,35,105,31,44,32,22.0
1641740,Jaylen Clark,USA,6-5,Guard,MIN,1610612750,2001-10-13T00:00:00,0,154,18,66,28,6,12,50,488,53,122,16,54,32,49,34,25.0
1629634,Brandon Clarke,Canada,6-8,Forward,MEM,1610612763,1996-09-19T00:00:00,0,8,1,6,2,0,0,5,21,3,9,0,0,2,4,2,30.0
203903,Jordan Clarkson,USA,6-5,Guard,NYK,1610612752,1992-06-07T00:00:00,0,360,51,66,15,5,41,72,729,134,307,53,150,39,50,36,34.0
1629651,Nic Claxton,USA,6-11,Center,BKN,1610612751,1999-04-17T00:00:00,0,420,131,242,24,40,46,69,935,166,285,1,11,87,129,31,27.0
1642383,Walter Clayton Jr.,USA,6-4,Guard,UTA,1610612762,2003-03-06T00:00:00,0,203,95,60,14,7,32,54,514,67,161,27,87,42,44,31,23.0
1642363,Nique Clifford,USA,6-5,Guard,SAC,1610612758,2002-02-09T00:00:00,0,181,44,94,21,9,37,70,614,68,166,23,74,22,31,33,24.0
1642270,Donovan Clingan,USA,7-2,Center,POR,1610612757,2004-02-23T00:00:00,0,370,58,356,16,46,31,87,886,144,264,31,90,51,80,33,22.0
1641730,Noah Clowney,USA,6-10,Forward-Center,BKN,1610612751,2004-07-14T00:00:00,0,437,60,129,24,27,62,95,931,130,327,71,214,106,133,33,22.0
1629599,Amir Coffey,USA,6-7,Guard-Forward,MIL,1610612749,1997-06-17T00:00:00,0,32,8,16,0,1,2,6,170,11,26,3,12,7,7,22,29.0
1642268,Isaiah Collier,USA,6-4,Guard,UTA,1610612762,2004-10-08T00:00:00,0,229,179,66,19,10,63,61,626,80,157,12,33,57,84,27,22.0
1628381,John Collins,USA,6-9,Forward-Center,LAC,1610612746,1997-09-23T00:00:00,0,434,30,164,29,28,49,85,918,167,314,38,102,62,76,34,29.0
1628380,Zach Collins,USA,6-9,Forward-Center,CHI,1610612741,1997-11-19T00:00:00,0,97,15,56,2,4,10,18,184,37,64,9,21,14,20,10,29.0
201144,Mike Conley,USA,6-1,Guard,MIN,1610612750,1987-10-11T00:00:00,0,160,97,57,20,7,19,52,598,46,130,33,96,35,38,32,39.0
1626192,Pat Connaughton,USA,6-5,Guard,CHA,1610612766,1993-01-06T00:00:00,0,55,9,25,5,1,3,5,129,19,38,10,25,7,11,17,33.0
1631451,Javonte Cooke,USA,6-6,Guard,POR,1610612757,1999-07-11T00:00:00,0,7,5,3,1,0,4,1,31,3,12,1,5,0,0,5,27.0
1630536,Sharife Cooper,USA,6-0,Guard,WAS,1610612764,2001-06-11T00:00:00,0,0,0,0,0,0,1,1,10,0,1,0,1,0,0,4,25.0
1641731,Bilal Coulibaly,France,6-7,Guard,WAS,1610612764,2004-07-26T00:00:00,0,212,55,105,33,21,37,58,570,68,178,19,76,57,74,21,22.0
1642907,Cedric Coward,USA,6-5,Guard,MEM,1610612763,2003-09-11T00:00:00,0,467,100,223,19,11,54,66,910,168,357,49,149,82,97,34,23.0
1642384,Isaiah Crawford,USA,6-6,Forward,HOU,1610612745,2001-11-01T00:00:00,0,0,0,0,0,0,0,0,5,0,1,0,1,0,0,2,25.0
1630595,Cade Cunningham,USA,6-6,Guard,DET,1610612765,2001-09-25T00:00:00,0,882,321,204,51,27,131,111,1179,306,658,68,200,202,241,33,25.0
201939,Stephen Curry,USA,6-2,Guard,GSW,1610612744,1988-03-14T00:00:00,0,775,118,105,34,12,81,60,868,250,539,129,329,146,157,27,38.0
1642359,Pacôme Dadiet,France,6-9,Forward,NYK,1610612752,2005-07-27T00:00:00,0,6,6,10,2,0,0,3,45,1,8,0,5,4,4,13,21.0
1630700,Dyson Daniels,Australia,6-7,Guard,ATL,1610612737,2003-03-17T00:00:00,0,433,222,238,70,17,83,82,1271,190,385,7,59,46,74,37,23.0
1642368,N'Faly Dante,Mali,6-11,Center,ATL,1610612737,2001-10-19T00:00:00,0,3,0,7,2,0,1,1,16,1,4,0,0,1,1,4,25.0
203076,Anthony Davis,USA,6-10,Forward-Center,DAL,1610612742,1993-03-11T00:00:00,0,386,52,210,21,32,39,42,590,159,314,10,35,58,80,19,33.0
1631120,JD Davison,USA,6-1,Guard,HOU,1610612745,2002-10-03T00:00:00,0,25,15,6,4,2,5,7,90,9,20,4,10,3,6,16,24.0
201942,DeMar DeRozan,USA,6-6,Guard-Forward,SAC,1610612758,1989-08-07T00:00:00,0,680,140,126,52,10,42,77,1229,243,488,30,84,164,186,37,37.0
1642484,RayJ Dennis,USA,6-1,Guard,ATL,1610612737,2001-03-30T00:00:00,0,64,26,23,3,4,15,16,171,22,72,12,38,8,9,14,25.0
1628978,Donte DiVincenzo,USA,6-4,Guard,MIN,1610612750,1997-01-31T00:00:00,0,481,148,167,47,17,45,92,1152,159,393,109,298,54,71,37,29.0
1631217,Moussa Diabaté,France,6-10,Forward,CHA,1610612766,2002-01-21T00:00:00,0,263,47,271,26,29,26,84,773,101,162,0,0,61,92,33,24.0
1642885,Mohamed Diawara,France,6-9,Forward,NYK,1610612752,2005-04-29T00:00:00,0,57,14,26,8,4,8,14,148,22,54,12,29,1,4,28,21.0
1641711,Gradey Dick,USA,6-7,Guard-Forward,TOR,1610612761,2003-11-20T00:00:00,0,231,24,72,27,4,19,46,579,77,190,33,103,44,52,37,23.0
1630621,Hunter Dickinson,USA,7-1,Center,NOP,1610612740,2000-11-25T00:00:00,0,2,0,0,0,1,2,2,5,1,2,0,0,0,0,1,26.0
1631172,Ousmane Dieng,France,6-9,Forward,OKC,1610612760,2003-05-21T00:00:00,0,74,15,30,1,5,6,18,214,27,61,14,32,6,6,17,23.0
1642265,Rob Dillingham,USA,6-2,Guard,MIN,1610612750,2005-01-04T00:00:00,0,110,56,36,17,3,30,34,303,43,126,10,29,14,18,30,21.0
1629029,Luka Dončić,Slovenia,6-8,Forward-Guard,LAL,1610612747,1999-02-28T00:00:00,0,905,235,213,41,16,121,68,985,278,602,90,282,259,324,27,27.0
1629652,Luguentz Dort,Canada,6-4,Guard,OKC,1610612760,1999-04-19T00:00:00,0,232,28,98,22,17,19,86,758,81,212,54,161,16,17,28,27.0
1630245,Ayo Dosunmu,USA,6-4,Guard,CHI,1610612741,2000-01-17T00:00:00,0,420,102,82,17,7,36,48,782,153,306,52,121,62,72,30,26.0
203083,Andre Drummond,USA,6-11,Center,PHI,1610612755,1993-08-10T00:00:00,0,214,25,275,16,26,27,63,620,85,164,15,39,29,46,30,33.0
1627739,Kris Dunn,USA,6-3,Guard,LAC,1610612746,1994-03-18T00:00:00,0,293,107,103,52,6,46,86,945,112,223,42,106,27,36,35,32.0
1642346,Ryan Dunn,USA,6-7,Forward,PHX,1610612756,2003-01-07T00:00:00,0,202,50,143,32,17,33,73,643,81,182,24,78,16,24,29,23.0
201142,Kevin Durant,USA,6-11,Forward,HOU,1610612745,1988-09-29T00:00:00,0,797,142,159,22,31,96,69,1122,279,537,65,161,174,194,31,38.0
1631105,Jalen Duren,USA,6-10,Center,DET,1610612765,2003-11-18T00:00:00,0,555,53,330,29,28,70,98,880,216,341,0,0,123,170,31,23.0
1642856,Egor Dëmin,Russia,6-8,Guard,BKN,1610612751,2006-03-03T00:00:00,0,298,103,99,27,9,56,57,729,104,266,67,180,23,26,30,20.0
1631106,Tari Eason,USA,6-8,Forward,HOU,1610612745,2001-05-10T00:00:00,0,230,28,109,21,11,28,36,453,88,177,42,86,12,19,19,25.0
1641744,Zach Edey,Canada,7-3,Center,MEM,1610612763,2002-05-14T00:00:00,0,150,12,122,7,21,26,37,284,62,98,1,5,25,32,11,24.0
1642845,VJ Edgecombe,USA,6-4,Guard,PHI,1610612755,2005-07-30T00:00:00,0,495,122,162,43,17,50,94,1074,185,428,70,181,55,71,30,21.0
1630162,Anthony Edwards,USA,6-4,Guard,MIN,1610612750,2001-08-05T00:00:00,0,880,109,150,43,25,85,55,1039,299,593,101,248,181,226,30,25.0
1642348,Justin Edwards,USA,6-7,Forward,PHI,1610612755,2003-12-16T00:00:00,0,147,36,49,20,7,21,48,446,51,139,31,93,14,15,28,23.0
1631165,Keon Ellis,USA,6-4,Guard,SAC,1610612758,2000-01-08T00:00:00,0,198,22,49,43,18,19,61,623,69,179,43,121,17,28,35,26.0
203954,Joel Embiid,Cameroon,7-0,Center-Forward,PHI,1610612755,1994-03-16T00:00:00,0,397,57,118,10,21,47,41,496,135,293,17,72,110,132,17,32.0
1642855,Noa Essengue,France,6-8,Forward,CHI,1610612741,2006-12-18T00:00:00,0,0,0,0,1,0,0,1,6,0,3,0,2,0,0,2,20.0
1630623,Tyson Etienne,USA,6-0,Guard,BKN,1610612751,1999-09-17T00:00:00,0,12,1,0,0,0,1,5,34,4,15,4,13,0,0,8,27.0
1629234,Drew Eubanks,USA,6-10,Forward-Center,SAC,1610612758,1997-02-01T00:00:00,0,155,8,81,12,19,25,40,413,65,104,1,3,24,43,29,29.0
1641787,Tosan Evbuomwan,United Kingdom,6-8,Forward,NYK,1610612752,2001-02-16T00:00:00,0,0,0,2,0,0,0,1,8,0,1,0,0,0,0,5,25.0
203957,Danté Exum,Australia,6-5,Guard,DAL,1610612742,1995-07-13T00:00:00,0,0,0,0,0,0,0,0,0,0,0,0,0,0,0,0,31.0
1642847,Jeremiah Fears,USA,6-3,Guard,NOP,1610612740,2006-10-14T00:00:00,0,544,117,135,46,8,89,67,1009,207,474,40,120,90,115,38,20.0
1642271,Kyle Filipowski,USA,6-11,Center,UTA,1610612762,2003-11-07T00:00:00,0,323,72,207,19,18,41,91,765,118,253,29,94,58,83,34,23.0
1627827,Dorian Finney-Smith,USA,6-7,Forward,HOU,1610612745,1993-05-04T00:00:00,0,15,4,17,2,1,5,8,90,5,17,5,15,0,0,6,33.0
1642843,Cooper Flagg,USA,6-9,Forward,DAL,1610612742,2006-12-21T00:00:00,0,682,151,233,44,28,79,83,1249,260,544,34,123,128,157,36,20.0
1642853,Rasheer Fleming,USA,6-9,Forward,PHX,1610612756,2004-07-10T00:00:00,0,49,3,26,5,5,3,17,140,18,55,6,31,7,9,20,22.0
1642280,Trentyn Flowers,USA,6-9,Forward,CHI,1610612741,2005-03-08T00:00:00,0,4,1,1,0,0,1,1,5,2,3,0,1,0,0,2,21.0
1631323,Simone Fontecchio,Italy,6-7,Forward,MIA,1610612748,1995-12-09T00:00:00,0,289,52,96,15,5,31,51,589,92,239,61,170,44,55,35,31.0
1628368,De'Aaron Fox,USA,6-3,Guard,SAS,1610612759,1997-12-20T00:00:00,0,574,160,105,37,8,67,63,873,208,442,59,167,99,124,27,29.0
1642402,Enrique Freeman,USA,6-9,Forward,MIN,1610612750,2000-07-29T00:00:00,0,0,0,0,0,0,0,0,0,0,0,0,0,0,0,0,26.0
1642277,Johnny Furphy,Australia,6-8,Guard,IND,1610612754,2004-12-08T00:00:00,0,90,9,60,10,0,10,31,287,37,71,11,35,5,12,19,22.0
1629655,Daniel Gafford,USA,6-10,Forward-Center,DAL,1610612742,1998-10-01T00:00:00,0,215,24,164,23,37,37,66,532,84,132,0,0,47,60,26,28.0
1642066,Myron Gardner,USA,6-5,Forward,MIA,1610612748,2001-05-21T00:00:00,0,26,5,12,4,0,1,11,56,9,20,4,10,4,4,11,25.0
1629636,Darius Garland,USA,6-1,Guard,CLE,1610612739,2000-01-26T00:00:00,0,386,151,57,15,2,64,41,667,138,318,49,141,61,68,22,26.0
1630568,Luka Garza,USA,6-10,Center,BOS,1610612738,1998-12-27T00:00:00,0,198,27,111,11,14,11,70,420,69,113,17,36,43,54,27,28.0
1641718,Keyonte George,USA,6-4,Guard,UTA,1610612762,2003-11-08T00:00:00,0,825,231,143,32,10,119,85,1171,257,569,90,238,221,245,34,23.0
1642273,Kyshawn George,Switzerland,6-8,Forward,WAS,1610612764,2003-12-12T00:00:00,0,405,137,153,28,24,85,113,857,147,315,60,147,51,69,27,23.0
202331,Paul George,USA,6-8,Forward,PHI,1610612755,1990-05-02T00:00:00,16,278,61,95,23,9,34,41,530,92,228,45,115,49,56,18,36.0
1630581,Josh Giddey,Australia,6-7,Guard,CHI,1610612741,2002-10-10T00:00:00,6,577,270,268,28,11,107,54,983,200,429,56,145,121,159,30,24.0
1628983,Shai Gilgeous-Alexander,Canada,6-6,Guard,OKC,1610612760,1998-07-12T00:00:00,1,1136,230,159,52,24,71,73,1192,389,710,73,178,285,320,36,28.0
1630264,Anthony Gill,USA,6-7,Forward,WAS,1610612764,1992-10-17T00:00:00,21,21,0,11,1,1,4,3,47,8,12,1,2,4,4,14,34.0
1631221,Collin Gillespie,USA,6-1,Guard,PHX,1610612756,1999-06-25T00:00:00,0,495,181,145,51,11,65,53,1008,176,401,107,256,36,42,36,27.0
203497,Rudy Gobert,France,7-1,Center,MIN,1610612750,1992-06-26T00:00:00,0,419,65,415,21,62,51,104,1169,172,239,0,1,75,139,37,34.0
1642884,Vladislav Goldin,Russia,7-0,Center,MIA,1610612748,2001-05-12T00:00:00,36,0,1,0,0,0,0,0,1,0,0,0,0,0,0,1,25.0
1642864,Hugo González,Spain,6-6,Guard,BOS,1610612738,2006-02-05T00:00:00,5,126,19,99,22,7,19,59,442,51,102,16,43,8,13,30,20.0
1630692,Jordan Goodwin,USA,6-3,Guard,PHX,1610612756,1998-10-23T00:00:00,3,306,71,147,47,5,40,55,720,116,282,53,143,21,27,33,28.0
203932,Aaron Gordon,USA,6-8,Forward,DEN,1610612743,1995-09-16T00:00:00,22,264,19,83,10,3,21,26,390,90,169,28,65,56,66,14,31.0
201569,Eric Gordon,USA,6-3,Guard,PHI,1610612755,1988-12-25T00:00:00,28,33,3,2,4,1,3,3,74,12,21,8,14,1,2,6,38.0
203924,Jerami Grant,USA,6-7,Forward,POR,1610612757,1994-03-12T00:00:00,11,519,69,105,19,16,57,77,790,156,358,65,167,142,164,26,32.0
1631260,AJ Green,USA,6-4,Guard,MIL,1610612749,1999-09-27T00:00:00,3,336,67,88,22,3,28,86,966,108,250,97,227,23,29,33,27.0
203110,Draymond Green,USA,6-6,Forward,GSW,1610612744,1990-03-04T00:00:00,7,253,161,176,27,23,87,95,808,92,218,42,129,27,40,30,36.0
1630224,Jalen Green,USA,6-4,Guard,PHX,1610612756,2002-02-09T00:00:00,34,31,4,4,2,0,2,2,30,11,23,6,14,3,5,2,24.0
1629750,Javonte Green,USA,6-5,Guard,DET,1610612765,1993-07-23T00:00:00,0,257,31,99,46,12,23,55,696,88,199,38,104,43,56,36,33.0
201145,Jeff Green,USA,6-8,Forward,HOU,1610612745,1986-08-28T00:00:00,19,29,2,6,0,1,1,5,62,11,23,7,16,0,0,14,40.0
1630182,Josh Green,Australia,6-6,Guard,CHA,1610612766,2000-11-16T00:00:00,24,55,13,20,8,0,3,12,188,20,45,14,36,1,2,12,26.0
1629656,Quentin Grimes,USA,6-4,Guard,PHI,1610612755,2000-05-08T00:00:00,2,470,132,126,32,17,69,63,1046,150,345,74,203,96,111,32,26.0
1631243,Mouhamed Gueye,Senegal,6-11,Forward,ATL,1610612737,2002-11-09T00:00:00,2,168,30,120,22,21,19,56,543,68,144,15,60,17,30,36,24.0
1629060,Rui Hachimura,Japan,6-8,Forward,LAL,1610612747,1998-02-08T00:00:00,7,344,24,102,16,6,23,50,877,134,257,49,110,27,36,27,28.0
1630169,Tyrese Haliburton,USA,6-5,Guard,IND,1610612754,2000-02-29T00:00:00,37,0,0,0,0,0,0,0,0,0,0,0,0,0,0,0,26.0
1641790,PJ Hall,USA,6-8,Center,CHA,1610612766,2002-02-21T00:00:00,23,59,6,41,1,8,7,13,128,22,37,3,5,12,17,13,24.0
203501,Tim Hardaway Jr.,USA,6-5,Guard-Forward,DEN,1610612743,1992-03-16T00:00:00,1,474,49,82,15,3,13,44,941,160,349,97,238,57,65,35,34.0
201935,James Harden,USA,6-5,Guard,LAC,1610612746,1989-08-26T00:00:00,3,822,256,154,39,10,114,64,1134,237,547,105,293,243,274,32,37.0
1630702,Jaden Hardy,USA,6-3,Guard,DAL,1610612742,2002-07-05T00:00:00,12,145,16,33,6,2,21,27,274,48,119,27,73,22,26,25,24.0
1641989,Elijah Harkless,USA,6-3,Guard,UTA,1610612762,2000-02-03T00:00:00,28,17,5,6,4,0,3,10,66,4,11,2,7,7,9,7,26.0
1642844,Dylan Harper,USA,6-5,Guard,SAS,1610612759,2006-03-02T00:00:00,10,295,97,83,27,5,40,52,559,117,264,17,66,44,61,26,20.0
1631199,Ron Harper Jr.,USA,6-5,Guard-Forward,BOS,1610612738,2000-04-12T00:00:00,31,8,4,3,1,2,0,2,20,3,10,2,8,0,0,4,26.0
203914,Gary Harris,USA,6-4,Guard,MIL,1610612749,1994-09-14T00:00:00,10,70,25,36,15,4,11,34,384,26,54,13,30,5,5,26,32.0
1630284,Kevon Harris,USA,6-5,Guard,ORL,1610612753,1997-06-24T00:00:00,37,0,0,0,0,0,0,0,0,0,0,0,0,0,0,0,29.0
202699,Tobias Harris,USA,6-8,Forward,DET,1610612765,1992-07-15T00:00:00,13,309,57,105,14,6,23,47,631,111,244,31,93,56,66,23,34.0
1628404,Josh Hart,USA,6-5,Guard,NYK,1610612752,1995-03-06T00:00:00,8,343,142,225,38,8,60,71,848,129,259,44,113,41,49,28,31.0
1628392,Isaiah Hartenstein,Germany,7-0,Center-Forward,OKC,1610612760,1998-05-05T00:00:00,13,269,71,249,27,18,50,69,648,116,180,0,4,37,57,24,28.0
1630573,Sam Hauser,USA,6-7,Forward,BOS,1610612738,1997-12-08T00:00:00,0,262,42,121,19,11,18,41,758,89,237,79,210,5,6,35,29.0
1641722,Jordan Hawkins,USA,6-5,Guard,NOP,1610612740,2002-04-29T00:00:00,10,127,21,44,3,3,16,19,385,46,142,25,79,10,14,28,24.0
1629637,Jaxson Hayes,USA,7-0,Center-Forward,LAL,1610612747,2000-05-23T00:00:00,5,175,26,114,12,18,16,57,501,70,91,1,1,34,52,29,26.0
1628502,Nigel Hayes-Davis,USA,6-7,Forward,PHX,1610612756,1994-12-16T00:00:00,14,31,7,28,7,1,7,15,176,14,42,2,15,1,2,22,32.0
1630703,Scoot Henderson,USA,6-3,Guard,POR,1610612757,2004-02-03T00:00:00,37,0,0,0,0,0,0,0,0,0,0,0,0,0,0,0,22.0
1641707,Taylor Hendricks,USA,6-9,Forward,UTA,1610612762,2003-11-22T00:00:00,11,131,18,78,11,6,12,31,369,46,93,19,47,20,26,24,23.0
1642935,Chucky Hepburn,USA,6-0,Guard,TOR,1610612761,2003-02-09T00:00:00,35,0,2,1,1,0,1,2,13,0,6,0,5,0,0,2,23.0
1629639,Tyler Herro,USA,6-5,Guard,MIA,1610612748,2000-01-20T00:00:00,30,156,17,39,6,3,9,11,218,57,114,16,41,26,28,7,26.0
1627741,Buddy Hield,Bahamas,6-4,Guard,GSW,1610612744,1992-12-17T00:00:00,5,243,46,80,27,3,35,43,569,90,215,46,142,17,18,32,34.0
1629312,Haywood Highsmith,USA,6-5,Forward,BKN,1610612751,1996-12-09T00:00:00,33,0,0,0,0,0,0,0,0,0,0,0,0,0,0,0,30.0
1628988,Aaron Holiday,USA,6-0,Guard,HOU,1610612745,1996-09-30T00:00:00,6,176,26,23,11,4,21,35,381,57,137,37,92,25,29,27,30.0
201950,Jrue Holiday,USA,6-4,Guard,POR,1610612757,1990-06-12T00:00:00,25,200,99,63,19,3,35,24,400,74,166,31,85,21,25,12,36.0
1641842,Ronald Holland II,USA,6-8,Forward,DET,1610612765,2005-07-07T00:00:00,2,275,49,141,48,11,46,76,701,100,245,22,89,53,66,34,21.0
1641747,DaRon Holmes II,USA,6-9,Forward,DEN,1610612743,2002-08-15T00:00:00,29,29,12,12,0,2,3,8,94,9,20,6,14,5,6,7,24.0
1631096,Chet Holmgren,USA,7-1,Center-Forward,OKC,1610612760,2002-05-01T00:00:00,5,578,52,262,18,56,60,88,916,218,380,46,119,96,122,32,24.0
201143,Al Horford,Dominican Republic,6-8,Center-Forward,GSW,1610612744,1986-06-03T00:00:00,19,120,28,81,16,17,17,21,352,41,112,28,82,10,10,18,40.0
1631216,Caleb Houstan,Canada,6-8,Guard,ATL,1610612737,2003-01-09T00:00:00,29,20,2,5,1,1,4,5,43,6,14,5,11,3,3,9,23.0
1641724,Jett Howard,USA,6-8,Guard,ORL,1610612753,2003-09-14T00:00:00,12,121,22,37,4,3,5,25,270,42,107,24,68,13,14,25,23.0
1628989,Kevin Huerter,USA,6-6,Guard-Forward,CHI,1610612741,1998-08-27T00:00:00,5,367,72,118,24,20,36,61,748,140,300,52,164,35,47,31,28.0
1630643,Jay Huff,USA,7-1,Center,IND,1610612754,1997-08-25T00:00:00,0,299,50,141,12,80,30,91,730,105,243,50,164,39,47,37,29.0
1630574,Ariel Hukporti,Germany,7-0,Center,NYK,1610612752,2002-04-12T00:00:00,12,41,17,69,5,15,14,35,238,15,30,0,1,11,16,24,24.0
1629631,De'Andre Hunter,USA,6-7,Forward-Guard,CLE,1610612739,1997-12-02T00:00:00,5,482,68,147,21,5,52,91,905,161,377,59,188,101,116,33,29.0
1643047,CJ Huntley,USA,,,,0,2002-01-06T00:00:00,0,0,0,0,0,0,0,0,0,0,0,0,0,0,0,0,24.0
1630538,Bones Hyland,USA,6-2,Guard,MIN,1610612750,2000-09-14T00:00:00,9,173,66,39,15,6,23,47,382,61,139,30,89,21,28,28,26.0
1642345,Oso Ighodaro,USA,6-11,Forward,PHX,1610612756,2002-07-14T00:00:00,0,192,63,166,31,19,43,93,703,86,140,0,1,20,41,36,24.0
204060,Joe Ingles,Australia,6-8,Forward-Guard,MIN,1610612750,1987-10-02T00:00:00,26,2,7,3,3,0,2,4,40,1,4,0,3,0,0,11,39.0
1627742,Brandon Ingram,USA,6-8,Forward,TOR,1610612761,1997-09-02T00:00:00,0,822,136,225,29,26,106,73,1266,308,647,66,187,140,171,37,29.0
1631127,Harrison Ingram,USA,6-5,Forward,SAS,1610612759,2002-11-27T00:00:00,33,5,0,3,0,0,0,2,11,2,3,1,1,0,0,3,24.0
202681,Kyrie Irving,Australia,6-2,Guard,DAL,1610612742,1992-03-23T00:00:00,37,0,0,0,0,0,0,0,0,0,0,0,0,0,0,0,34.0
1628371,Jonathan Isaac,USA,6-10,Forward,ORL,1610612753,1997-10-03T00:00:00,6,98,7,92,13,17,10,25,327,34,75,6,30,24,41,31,29.0
1631093,Jaden Ivey,USA,6-3,Guard,DET,1610612765,2002-02-13T00:00:00,15,176,37,44,13,7,18,29,346,64,138,24,64,24,30,21,24.0
1641713,GG Jackson,USA,6-9,Forward,MEM,1610612763,2004-12-17T00:00:00,20,87,11,46,12,7,8,20,223,32,82,8,41,15,21,16,22.0
1630543,Isaiah Jackson,USA,6-8,Forward,IND,1610612754,2002-01-10T00:00:00,8,212,24,171,21,24,33,87,531,83,142,0,0,46,62,29,24.0
1631245,Quenton Jackson,USA,6-4,Guard,IND,1610612754,1998-09-15T00:00:00,23,100,26,30,8,1,17,22,212,31,66,9,23,29,39,14,28.0
1641748,Andre Jackson Jr.,USA,6-6,Guard,MIL,1610612749,2001-11-13T00:00:00,21,22,17,12,5,2,6,13,98,7,24,3,15,5,6,15,25.0
1628991,Jaren Jackson Jr.,USA,6-10,Forward-Center,MEM,1610612763,1999-09-15T00:00:00,2,629,67,191,31,50,76,133,1035,233,486,59,158,104,139,34,27.0
1631218,Trayce Jackson-Davis,USA,6-9,Forward,GSW,1610612744,2000-02-22T00:00:00,11,124,27,102,9,18,14,35,343,49,83,0,0,26,43,26,26.0
1642857,Kasparas Jakučionis,Lithuania,6-5,Guard,MIA,1610612748,2006-05-29T00:00:00,25,52,12,23,8,0,7,17,170,15,45,12,26,10,10,12,20.0
1642355,Bronny James,USA,6-2,Guard,LAL,1610612747,2004-10-06T00:00:00,16,29,24,10,9,1,12,12,147,11,35,5,18,2,2,18,22.0
2544,LeBron James,USA,6-9,Forward,LAL,1610612747,1984-12-30T00:00:00,16,391,122,97,18,11,45,28,599,144,281,29,90,74,104,18,42.0
1642883,Sion James,USA,6-5,Guard,CHA,1610612766,2002-12-04T00:00:00,0,235,64,121,23,16,31,62,928,73,180,40,109,49,57,36,24.0
1631170,Jaime Jaquez Jr.,USA,6-6,Guard,MIA,1610612748,2001-02-18T00:00:00,3,550,159,179,27,7,73,69,990,223,418,15,56,89,119,34,25.0
1641998,Trey Jemison III,USA,6-10,Center,NYK,1610612752,1999-11-28T00:00:00,30,7,1,10,0,2,3,6,38,3,3,0,0,1,1,6,27.0
1642450,Daniss Jenkins,USA,6-4,Guard,DET,1610612765,2001-08-17T00:00:00,7,225,84,47,24,3,37,37,455,82,185,29,71,32,40,29,25.0
1629660,Ty Jerome,USA,6-5,Guard-Forward,MEM,1610612763,1997-07-08T00:00:00,36,0,0,0,0,0,0,0,0,0,0,0,0,0,0,0,29.0
1630198,Isaiah Joe,USA,6-4,Guard,OKC,1610612760,1999-07-02T00:00:00,9,282,41,74,16,4,20,46,568,87,198,66,161,42,45,28,27.0
1642358,AJ Johnson,USA,6-5,Guard,WAS,1610612764,2004-12-01T00:00:00,17,23,11,10,3,0,6,6,105,8,33,4,11,3,4,18,22.0
1629661,Cameron Johnson,USA,6-8,Forward,DEN,1610612743,1996-03-03T00:00:00,8,327,66,100,17,8,27,63,858,113,245,54,126,47,58,28,30.0
1630552,Jalen Johnson,USA,6-8,Forward,ATL,1610612737,2001-12-18T00:00:00,4,805,286,352,47,16,121,70,1208,297,570,55,150,156,194,34,25.0
1629640,Keldon Johnson,USA,6-6,Forward-Guard,SAS,1610612759,1999-10-11T00:00:00,0,474,48,231,25,3,33,67,841,178,316,43,104,75,98,36,27.0
1642352,Keshad Johnson,USA,6-6,Forward,MIA,1610612748,2001-06-23T00:00:00,22,46,1,34,5,4,6,12,129,16,45,5,18,9,13,15,25.0
1642848,Tre Johnson,USA,6-5,Guard,WAS,1610612764,2006-03-07T00:00:00,7,336,50,81,17,10,42,48,662,121,270,56,140,38,42,28,20.0
203999,Nikola Jokić,Serbia,6-11,Center,DEN,1610612743,1995-02-19T00:00:00,4,948,351,389,44,24,113,89,1107,339,560,67,154,203,238,32,31.0
1641732,Colby Jones,USA,6-6,Guard,,0,2002-05-28T00:00:00,0,2,2,4,0,0,0,1,7,1,3,0,2,0,0,1,24.0
1642938,Curtis Jones,USA,6-3,Guard,DEN,1610612743,2001-10-04T00:00:00,31,4,1,4,0,0,1,2,21,2,10,0,6,0,0,5,25.0
1630529,Herbert Jones,USA,6-7,Forward,NOP,1610612740,1998-10-06T00:00:00,15,218,52,84,38,7,30,75,651,80,203,32,96,26,32,23,28.0
1642403,Isaac Jones,USA,6-8,Forward,DET,1610612765,2000-07-11T00:00:00,32,5,1,2,0,0,0,4,18,2,4,0,2,1,2,4,26.0
1642880,Kam Jones,USA,6-4,Guard,IND,1610612754,2002-02-25T00:00:00,30,17,4,3,2,0,0,3,46,8,15,1,5,0,0,7,24.0
1642461,Spencer Jones,USA,6-7,Forward,DEN,1610612743,2001-06-14T00:00:00,4,200,32,89,31,13,22,87,711,73,135,32,76,22,35,32,25.0
1630200,Tre Jones,USA,6-1,Guard,CHI,1610612741,2000-01-08T00:00:00,6,362,158,85,40,6,40,42,802,124,237,12,46,102,121,30,26.0
1626145,Tyus Jones,USA,6-0,Guard,ORL,1610612753,1996-05-10T00:00:00,0,123,91,43,26,3,11,21,617,46,126,25,82,6,6,37,30.0
1642357,David Jones Garcia,Dominican Republic,6-4,Forward,SAS,1610612759,2001-11-24T00:00:00,26,32,18,12,6,1,5,6,69,13,25,3,5,3,6,10,25.0
1627884,Derrick Jones Jr.,USA,6-6,Forward,LAC,1610612746,1997-02-15T00:00:00,18,176,20,45,13,18,14,35,410,65,117,22,55,24,31,17,29.0
201599,DeAndre Jordan,USA,6-11,Center,NOP,1610612740,1988-07-21T00:00:00,36,9,0,10,0,0,1,1,23,4,5,0,0,1,2,2,38.0
1631107,Nikola Jović,Serbia,6-10,Forward,MIA,1610612748,2003-06-09T00:00:00,11,235,81,103,19,11,49,49,523,77,199,31,104,50,64,26,23.0
1630548,Johnny Juzang,USA,6-7,Guard,MIN,1610612750,2001-03-17T00:00:00,23,30,4,10,1,0,2,3,52,12,28,5,18,1,2,14,25.0
1641750,Ryan Kalkbrenner,USA,7-1,Center,CHA,1610612766,2002-01-17T00:00:00,10,226,16,167,18,47,30,48,667,96,122,0,2,34,47,26,24.0
1642939,Miles Kelly,USA,6-4,Guard,DAL,1610612742,2003-01-26T00:00:00,35,2,0,4,0,0,1,2,11,1,2,0,1,0,0,2,23.0
1628379,Luke Kennard,USA,6-5,Guard,ATL,1610612737,1996-06-24T00:00:00,5,240,77,66,25,1,28,39,672,83,167,46,103,28,30,33,30.0
1631117,Walker Kessler,USA,7-2,Center,UTA,1610612762,2001-07-26T00:00:00,30,72,15,54,7,9,16,22,155,26,37,6,8,14,20,5,25.0
1630557,Corey Kispert,USA,6-6,Forward,WAS,1610612764,1999-03-03T00:00:00,16,174,32,44,8,3,14,20,370,59,119,30,76,26,34,19,27.0
1628467,Maxi Kleber,Germany,6-10,Forward,LAL,1610612747,1992-01-29T00:00:00,18,29,11,27,4,5,7,25,192,9,29,3,15,8,10,16,34.0
1641752,Bobi Klintman,Sweden,6-9,Forward,DET,1610612765,2003-03-06T00:00:00,30,17,4,16,2,0,5,9,54,7,21,3,11,0,3,6,23.0
1642261,Dalton Knecht,USA,6-6,Forward,LAL,1610612747,2001-04-19T00:00:00,5,156,12,49,8,8,12,32,380,59,130,27,77,11,16,29,25.0
1642851,Kon Knueppel,USA,6-6,Guard-Forward,CHA,1610612766,2005-08-03T00:00:00,1,684,124,178,23,7,86,82,1151,235,487,127,292,87,99,35,21.0
1642278,Tyler Kolek,USA,6-2,Guard,NYK,1610612752,2001-03-27T00:00:00,4,169,90,60,14,3,28,44,429,68,151,23,67,10,15,32,25.0
1631132,Christian Koloko,Cameroon,6-11,Center,MEM,1610612763,2000-06-20T00:00:00,26,23,6,29,10,10,4,18,152,11,24,0,1,1,2,10,26.0
1629723,John Konchar,USA,6-5,Guard,MEM,1610612763,1996-03-22T00:00:00,14,67,27,59,19,7,7,19,289,26,51,9,28,6,9,22,30.0
1628436,Luke Kornet,USA,7-1,Center-Forward,SAS,1610612759,1995-07-15T00:00:00,8,237,60,189,9,40,14,58,701,90,134,0,0,57,68,28,31.0
1630249,Vít Krejčí,Czech Republic,6-8,Guard,ATL,1610612737,2000-06-19T00:00:00,4,361,56,77,29,9,27,82,822,124,249,92,197,21,27,34,26.0
1630228,Jonathan Kuminga,DRC,6-7,Forward,GSW,1610612744,2002-10-06T00:00:00,19,212,46,111,5,6,44,31,448,78,181,16,50,40,54,18,24.0
1628398,Kyle Kuzma,USA,6-8,Forward,MIL,1610612749,1995-07-24T00:00:00,2,436,77,166,24,17,60,84,900,165,323,27,88,79,106,34,31.0
1631222,Jake LaRavia,USA,6-7,Forward,LAL,1610612747,2001-11-03T00:00:00,0,323,66,147,46,15,35,81,899,117,251,36,112,53,73,34,25.0
203897,Zach LaVine,USA,6-5,Guard,SAC,1610612758,1995-03-10T00:00:00,12,504,59,76,19,5,53,53,829,179,370,66,171,80,91,25,31.0
1629111,Jock Landale,Australia,6-11,Center,MEM,1610612763,1995-10-25T00:00:00,2,383,55,205,16,17,35,87,761,149,286,39,97,46,71,34,31.0
1642404,Chaz Lanier,USA,6-3,Guard,DET,1610612765,2001-12-19T00:00:00,21,45,11,14,5,0,1,4,142,14,43,12,38,5,5,15,25.0
1641796,Pelle Larsson,Sweden,6-5,Guard,MIA,1610612748,2001-02-23T00:00:00,8,272,95,77,17,6,29,55,644,96,209,32,91,48,63,29,25.0
1630639,A.J. Lawson,Canada,6-6,Guard,TOR,1610612761,2000-07-15T00:00:00,34,14,0,6,1,2,0,5,23,4,11,2,4,4,4,3,26.0
1627747,Caris LeVert,USA,6-7,Guard,DET,1610612765,1994-08-25T00:00:00,10,219,73,46,22,15,36,35,523,76,174,33,86,34,51,26,32.0
202695,Kawhi Leonard,USA,6-6,Forward,LAC,1610612746,1991-06-29T00:00:00,10,702,87,164,53,18,54,39,857,245,498,64,177,148,154,25,35.0
1630604,E.J. Liddell,USA,6-6,Forward,BKN,1610612751,2000-12-18T00:00:00,25,14,0,9,0,0,0,4,35,5,12,2,8,2,3,8,26.0
203081,Damian Lillard,USA,6-2,Guard,POR,1610612757,1990-07-15T00:00:00,37,0,0,0,0,0,0,0,0,0,0,0,0,0,0,0,36.0
1641726,Dereck Lively II,USA,7-1,Center,DAL,1610612742,2004-02-12T00:00:00,30,30,13,37,4,11,10,21,115,11,18,0,0,8,10,7,22.0
1630587,Isaiah Livers,USA,6-6,Forward,PHX,1610612756,1998-07-28T00:00:00,18,38,13,38,8,6,8,23,203,12,37,9,28,5,6,18,28.0
1641753,Chris Livingston,USA,6-6,Forward,CLE,1610612739,2003-10-15T00:00:00,35,9,1,3,1,0,0,4,17,4,7,0,3,1,1,3,23.0
1626172,Kevon Looney,USA,6-9,Forward,NOP,1610612740,1996-02-06T00:00:00,23,40,25,78,5,8,7,29,220,18,45,1,9,3,6,15,30.0
201572,Brook Lopez,USA,7-1,Center,LAC,1610612746,1988-04-01T00:00:00,7,187,25,73,11,28,24,47,476,63,170,44,122,17,21,28,38.0
1631126,Caleb Love,USA,6-3,Guard,POR,1610612757,2001-09-27T00:00:00,8,292,64,72,13,3,30,37,593,107,277,55,172,23,31,29,25.0
201567,Kevin Love,USA,6-10,Forward-Center,UTA,1610612762,1988-09-07T00:00:00,15,143,39,107,7,7,14,40,340,46,112,30,83,21,27,20,38.0
200768,Kyle Lowry,USA,6-0,Guard,PHI,1610612755,1986-03-25T00:00:00,29,6,7,3,1,0,2,3,42,2,5,2,5,0,0,5,40.0
1642863,Khaman Maluach,South Sudan,7-1,Center,PHX,1610612756,2006-09-14T00:00:00,20,23,2,16,1,7,8,14,74,8,18,0,4,7,8,16,20.0
1630572,Sandro Mamukelashvili,Georgia,6-9,Forward-Center,TOR,1610612761,1999-05-23T00:00:00,1,378,68,181,25,22,31,63,766,142,276,46,122,48,60,36,27.0
1629611,Terance Mann,USA,6-6,Guard-Forward,BKN,1610612751,1996-10-18T00:00:00,3,241,113,105,23,9,32,84,790,86,193,25,78,44,50,30,30.0
1630544,Tre Mann,USA,6-4,Guard,CHA,1610612766,2001-02-03T00:00:00,12,184,58,63,13,3,37,44,431,70,201,31,104,13,15,24,25.0
1628374,Lauri Markkanen,Finland,7-1,Forward-Center,UTA,1610612762,1997-05-22T00:00:00,5,832,64,205,32,13,44,61,1068,281,589,88,240,182,201,30,29.0
1630230,Naji Marshall,USA,6-6,Forward,DAL,1610612742,1998-01-24T00:00:00,0,490,94,172,37,3,46,77,1054,178,331,32,103,102,129,37,28.0
1642918,Alijah Martin,USA,6-2,Guard,TOR,1610612761,2001-12-26T00:00:00,34,0,0,0,1,0,0,0,7,0,1,0,0,0,0,3,25.0
1628997,Caleb Martin,USA,6-5,Forward,DAL,1610612742,1995-09-28T00:00:00,7,47,31,43,13,4,12,41,289,18,52,2,14,9,12,30,31.0
1628998,Cody Martin,USA,6-6,Forward,,0,1995-09-28T00:00:00,0,7,2,14,4,2,4,5,55,2,10,0,5,3,6,4,31.0
1631213,Tyrese Martin,USA,6-6,Forward,BKN,1610612751,1999-03-07T00:00:00,4,216,65,87,19,3,31,28,566,80,208,39,121,17,24,29,27.0
1631097,Bennedict Mathurin,Canada,6-5,Guard-Forward,IND,1610612754,2002-06-19T00:00:00,13,427,52,132,16,4,57,69,772,134,317,53,145,106,121,24,24.0
1631255,Karlo Matković,Bosnia and Herzegovina,6-10,Forward-Center,NOP,1610612740,2001-03-30T00:00:00,13,125,19,81,6,17,15,39,305,55,87,10,25,5,12,25,25.0
1630178,Tyrese Maxey,USA,6-2,Guard,PHI,1610612755,2000-11-04T00:00:00,2,992,225,149,59,30,84,71,1281,345,727,120,296,182,208,32,26.0
1643024,Chris Mañon,USA,6-4,Guard,LAL,1610612747,2001-12-09T00:00:00,31,0,0,3,1,2,0,3,13,0,1,0,1,0,0,3,25.0
1630540,Miles McBride,USA,6-2,Guard,NYK,1610612752,2000-09-08T00:00:00,11,315,59,65,17,5,19,45,670,106,233,74,161,29,34,25,26.0
1642272,Jared McCain,USA,6-3,Guard,PHI,1610612755,2004-02-20T00:00:00,9,173,46,64,22,1,22,34,480,64,183,29,90,16,19,25,22.0
1630644,Mac McClung,USA,6-2,Guard,,0,1999-01-06T00:00:00,0,19,1,4,5,1,2,6,34,7,18,2,10,3,4,3,27.0
203468,CJ McCollum,USA,6-3,Guard,WAS,1610612764,1991-09-19T00:00:00,0,658,126,124,24,9,58,73,1082,240,529,96,244,82,102,35,35.0
204456,T.J. McConnell,USA,6-1,Guard,IND,1610612754,1992-03-25T00:00:00,12,241,117,60,28,6,31,27,424,112,207,8,26,9,9,25,34.0
1641755,Kevin McCullar Jr.,USA,6-6,Guard,NYK,1610612752,2001-03-15T00:00:00,27,28,14,20,4,0,8,12,84,10,22,6,13,2,5,9,25.0
1630183,Jaden McDaniels,USA,6-9,Forward,MIN,1610612750,2000-09-29T00:00:00,2,509,97,156,39,31,61,122,1110,195,385,47,114,72,83,35,26.0
203926,Doug McDermott,USA,6-7,Forward,SAC,1610612758,1992-01-03T00:00:00,30,24,2,5,0,1,3,5,70,8,23,8,23,0,0,7,34.0
1631121,Bryce McGowens,USA,6-6,Guard,NOP,1610612740,2002-11-08T00:00:00,15,175,30,50,15,3,12,38,428,56,117,19,37,44,57,23,24.0
1629162,Jordan McLaughlin,USA,5-11,Guard,SAS,1610612759,1996-04-09T00:00:00,21,41,13,10,8,0,5,7,96,15,30,7,17,4,5,15,30.0
1642862,Liam McNeeley,USA,6-7,Forward,CHA,1610612766,2005-10-10T00:00:00,11,106,22,56,5,2,10,33,303,32,80,21,53,21,25,25,21.0
1629001,De'Anthony Melton,USA,6-2,Guard,GSW,1610612744,1998-05-28T00:00:00,25,95,23,30,21,7,17,27,245,32,94,10,45,21,26,12,28.0
1630241,Sam Merrill,USA,6-4,Guard,CLE,1610612739,1996-05-15T00:00:00,18,272,49,48,13,3,19,57,524,90,194,71,159,21,25,20,30.0
203114,Khris Middleton,USA,6-7,Forward,WAS,1610612764,1991-08-12T00:00:00,11,235,77,98,19,8,37,67,585,87,197,19,60,42,51,24,35.0
1641706,Brandon Miller,USA,6-7,Forward,CHA,1610612766,2002-11-22T00:00:00,16,402,66,85,19,22,49,58,613,139,343,59,164,65,77,20,24.0
1641801,Emanuel Miller,Canada,6-5,Forward,CHI,1610612741,2000-06-19T00:00:00,31,15,4,3,2,0,0,2,33,6,13,2,6,1,2,5,26.0
1641757,Jordan Miller,USA,6-5,Guard,LAC,1610612746,2000-01-23T00:00:00,21,71,15,34,4,3,11,11,169,21,43,8,19,21,24,14,26.0
1631159,Leonard Miller,Canada,6-10,Forward,MIN,1610612750,2003-11-26T00:00:00,23,37,4,19,3,0,6,11,71,16,28,1,10,4,7,14,23.0
1642434,Riley Minix,USA,6-7,Forward,,0,2000-09-22T00:00:00,0,9,1,2,1,0,0,1,9,4,6,1,3,0,0,3,26.0
1631169,Josh Minott,USA,6-8,Forward,BOS,1610612738,2002-11-25T00:00:00,6,184,32,115,24,11,18,49,509,66,131,32,73,20,26,29,24.0
1642274,Yves Missi,Cameroon,6-11,Center,NOP,1610612740,2004-05-14T00:00:00,8,158,33,156,10,36,25,50,528,69,119,0,0,20,37,30,22.0
1642349,Ajay Mitchell,Belgium,6-4,Guard,OKC,1610612760,2002-06-25T00:00:00,2,485,125,120,52,11,50,77,900,173,360,38,106,101,114,35,24.0
1630558,Davion Mitchell,USA,6-0,Guard,MIA,1610612748,1998-09-05T00:00:00,2,324,262,86,43,4,60,100,1053,131,279,39,103,23,37,35,28.0
1628378,Donovan Mitchell,USA,6-2,Guard,CLE,1610612739,1996-09-07T00:00:00,4,1013,185,160,52,10,107,87,1150,355,715,133,343,170,203,34,30.0
1630596,Evan Mobley,USA,6-11,Center,CLE,1610612739,2001-06-18T00:00:00,6,570,129,283,30,59,70,79,1059,214,428,40,122,102,158,32,25.0
1642367,Jonathan Mogbo,USA,6-9,Forward,TOR,1610612761,2001-10-29T00:00:00,24,13,6,15,2,3,1,5,62,6,12,0,0,1,1,13,25.0
1628370,Malik Monk,USA,6-3,Guard,SAC,1610612758,1998-02-04T00:00:00,8,331,64,57,23,11,38,44,625,119,278,51,125,42,51,29,28.0
1630541,Moses Moody,USA,6-5,Guard,GSW,1610612744,2002-05-31T00:00:00,2,370,54,115,35,24,37,74,859,124,306,72,198,50,61,35,24.0
1631111,Wendell Moore Jr.,USA,6-5,Guard,DET,1610612765,2001-09-18T00:00:00,33,6,3,4,2,1,1,1,43,3,6,0,1,0,0,3,25.0
1629630,Ja Morant,USA,6-2,Guard,MEM,1610612763,1999-08-10T00:00:00,18,342,136,58,18,3,64,34,510,118,294,16,77,90,100,18,27.0
1628420,Monte Morris,USA,6-2,Guard,,0,1995-06-27T00:00:00,0,18,9,7,1,1,2,3,64,7,20,2,8,2,4,6,31.0
1630530,Trey Murphy III,USA,6-8,Forward,NOP,1610612740,2000-06-18T00:00:00,3,745,122,214,54,8,66,75,1244,262,529,102,267,119,131,35,26.0
1627749,Dejounte Murray,USA,6-4,Guard,NOP,1610612740,1996-09-19T00:00:00,38,0,0,0,0,0,0,0,0,0,0,0,0,0,0,0,30.0
1627750,Jamal Murray,Canada,6-4,Guard,DEN,1610612743,1997-02-23T00:00:00,2,864,245,156,33,10,78,51,1206,307,640,117,262,133,149,34,29.0
1631099,Keegan Murray,USA,6-8,Forward,SAC,1610612758,2000-08-19T00:00:00,18,277,29,116,23,30,22,37,684,111,259,25,92,30,38,19,26.0
1631200,Kris Murray,USA,6-8,Forward,POR,1610612757,2000-08-19T00:00:00,3,207,42,136,40,14,31,68,877,78,175,20,78,31,42,34,26.0
1642867,Collin Murray-Boyles,USA,6-7,Forward,TOR,1610612761,2005-06-10T00:00:00,7,215,49,129,23,17,34,77,577,89,165,15,38,22,39,30,21.0
1629004,Svi Mykhailiuk,Ukraine,6-7,Guard-Forward,UTA,1610612762,1997-06-10T00:00:00,2,297,62,83,17,3,25,43,813,111,238,62,158,13,14,33,29.0
1631250,Pete Nance,USA,6-9,Forward,MIL,1610612749,2000-02-19T00:00:00,27,18,1,7,0,0,2,0,30,7,14,4,9,0,0,9,26.0
1626204,Larry Nance Jr.,USA,6-6,Forward-Center,CLE,1610612739,1993-01-01T00:00:00,22,57,20,45,9,4,9,38,241,23,65,10,33,1,3,16,33.0
1642947,Eli John Ndiaye,Senegal,,,,0,2004-06-26T00:00:00,0,0,0,0,0,0,0,0,0,0,0,0,0,0,0,0,22.0
1629614,Andrew Nembhard,Canada,6-4,Guard-Forward,IND,1610612754,2000-01-16T00:00:00,8,500,202,70,27,4,68,70,921,175,400,51,144,99,123,29,26.0
1642948,Ryan Nembhard,Canada,5-11,Guard,DAL,1610612742,2003-03-10T00:00:00,13,176,121,43,6,0,37,38,486,76,159,22,56,2,3,24,23.0
1630174,Aaron Nesmith,USA,6-5,Guard-Forward,IND,1610612754,1999-10-16T00:00:00,20,250,36,82,13,10,19,46,505,81,214,49,123,39,49,17,27.0
1642854,Asa Newell,USA,6-10,Forward,ATL,1610612737,2005-10-05T00:00:00,11,143,15,54,10,8,15,44,300,55,98,23,49,10,18,27,21.0
1627777,Georges Niang,USA,6-6,Forward,UTA,1610612762,1993-06-17T00:00:00,35,0,0,0,0,0,0,0,0,0,0,0,0,0,0,0,33.0
1642949,Yanic Konan Niederhäuser,Switzerland,6-11,Center,LAC,1610612746,2003-03-14T00:00:00,17,60,6,39,2,8,8,22,160,24,37,0,1,12,21,18,23.0
1630192,Zeke Nnaji,USA,6-10,Forward-Center,DEN,1610612743,2001-01-09T00:00:00,13,79,7,43,8,8,9,25,235,27,49,8,22,17,21,23,25.0
203994,Jusuf Nurkić,Bosnia and Herzegovina,6-11,Center,UTA,1610612762,1994-08-23T00:00:00,5,308,131,288,39,11,75,96,767,123,238,17,48,45,84,30,32.0
1626220,Royce O'Neale,USA,6-6,Forward,PHX,1610612756,1993-06-05T00:00:00,0,368,100,180,45,11,54,84,1062,129,304,102,247,8,13,36,33.0
1629006,Josh Okogie,Nigeria,6-4,Guard,HOU,1610612745,1998-09-01T00:00:00,0,201,31,90,33,6,27,57,666,70,156,34,83,27,37,33,28.0
1630168,Onyeka Okongwu,USA,6-10,Forward-Center,ATL,1610612737,2000-12-11T00:00:00,1,601,120,290,41,37,68,128,1176,226,464,69,191,80,104,37,26.0
1630171,Isaac Okoro,USA,6-4,Forward-Guard,CHI,1610612741,2001-01-26T00:00:00,8,242,38,74,15,15,20,77,692,90,189,29,87,33,43,28,25.0
1642950,Lachlan Olbrich,Australia,6-8,Center,CHI,1610612741,2003-12-30T00:00:00,30,2,5,13,0,0,2,10,48,1,7,0,4,0,0,6,23.0
203482,Kelly Olynyk,Canada,7-0,Forward-Center,SAS,1610612759,1991-04-19T00:00:00,14,88,33,50,11,1,14,29,232,30,64,8,34,20,28,22,35.0
1626162,Kelly Oubre Jr.,USA,6-8,Forward-Guard,PHI,1610612755,1995-12-09T00:00:00,22,201,16,61,13,10,18,32,419,74,149,23,67,30,38,12,31.0
101108,Chris Paul,USA,6-0,Guard,LAC,1610612746,1985-05-06T00:00:00,19,47,53,28,11,0,16,23,228,18,56,10,30,1,2,16,41.0
1627780,Gary Payton II,USA,6-2,Guard,GSW,1610612744,1992-12-01T00:00:00,2,164,60,108,19,13,29,53,430,74,140,11,40,5,10,35,34.0
1642877,Micah Peavy,USA,6-7,Guard-Forward,NOP,1610612740,2001-07-16T00:00:00,6,140,30,68,18,3,11,52,473,58,147,13,50,11,15,32,25.0
1642869,Noah Penda,France,6-7,Guard-Forward,ORL,1610612753,2005-01-07T00:00:00,15,93,25,79,10,7,16,22,251,35,74,12,28,11,21,22,21.0
1643007,Taelon Peter,USA,6-3,Guard,IND,1610612754,2002-02-27T00:00:00,16,33,14,19,3,2,9,7,122,10,34,9,32,4,6,21,24.0
1641809,Drew Peterson,USA,6-8,Forward,,0,1999-11-09T00:00:00,0,5,2,9,3,1,0,3,65,2,16,0,12,1,2,6,27.0
1641763,Julian Phillips,USA,6-6,Forward,CHI,1610612741,2003-11-05T00:00:00,10,78,7,36,15,6,5,29,266,30,70,13,40,5,6,26,23.0
1629618,Jalen Pickett,USA,6-2,Guard,DEN,1610612743,1999-10-22T00:00:00,15,104,43,41,5,3,16,18,288,40,86,21,48,3,3,21,27.0
1630590,Scotty Pippen Jr.,USA,6-2,Guard,MEM,1610612763,2000-11-10T00:00:00,36,0,0,0,0,0,0,0,0,0,0,0,0,0,0,0,26.0
1631342,Daeqwon Plowden,USA,6-4,Guard-Forward,SAC,1610612758,1998-08-29T00:00:00,36,2,0,2,0,0,0,0,14,1,5,0,3,0,0,1,28.0
203486,Mason Plumlee,USA,7-0,Forward-Center,CHA,1610612766,1990-03-05T00:00:00,22,26,16,40,6,0,9,10,124,9,12,0,0,8,12,14,36.0
1641764,Brandin Podziemski,USA,6-4,Guard,GSW,1610612744,2003-02-25T00:00:00,0,448,122,165,38,7,53,74,1013,158,347,70,173,62,83,37,23.0
1627751,Jakob Poeltl,Austria,7-0,Center,TOR,1610612761,1995-10-15T00:00:00,16,204,45,162,16,11,33,66,533,88,127,0,0,28,47,21,31.0
1629673,Jordan Poole,USA,6-4,Guard,NOP,1610612740,1999-06-19T00:00:00,19,300,68,35,12,9,33,49,519,90,248,46,155,74,81,19,27.0
1641854,Craig Porter Jr.,USA,6-1,Guard,CLE,1610612739,2000-02-26T00:00:00,5,166,91,121,35,22,28,40,569,67,133,19,46,13,21,33,26.0
1629645,Kevin Porter Jr.,USA,6-5,Guard-Forward,MIL,1610612749,2000-05-04T00:00:00,19,317,132,87,38,6,55,37,575,108,232,33,86,68,79,17,26.0
1629008,Michael Porter Jr.,USA,6-10,Forward,BKN,1610612751,1998-06-29T00:00:00,6,698,91,206,24,6,64,59,889,247,499,100,245,104,126,27,28.0
1626171,Bobby Portis,USA,6-9,Forward,MIL,1610612749,1995-02-10T00:00:00,0,474,48,233,20,6,40,61,835,188,384,69,146,29,39,36,31.0
204001,Kristaps Porziņģis,Latvia,7-2,Forward-Center,ATL,1610612737,1995-08-02T00:00:00,22,278,44,84,8,21,15,52,391,92,199,27,78,67,79,16,31.0
1642366,Quinten Post,Netherlands,7-0,Center,GSW,1610612744,2000-03-21T00:00:00,0,292,53,151,21,19,30,76,679,109,252,56,164,18,22,37,26.0
1642962,Drake Powell,USA,6-5,Guard-Forward,BKN,1610612751,2005-09-08T00:00:00,9,150,42,37,16,4,25,39,437,52,108,18,50,28,31,24,21.0
203939,Dwight Powell,Canada,6-10,Forward-Center,DAL,1610612742,1991-07-20T00:00:00,13,64,21,68,11,8,10,48,295,19,31,0,0,26,40,24,35.0
1626181,Norman Powell,USA,6-3,Guard,MIA,1610612748,1993-05-25T00:00:00,5,778,87,120,41,7,62,71,995,259,529,99,234,161,187,32,33.0
1627752,Taurean Prince,USA,6-6,Forward,MIL,1610612749,1994-03-22T00:00:00,28,49,8,13,6,2,5,20,168,17,38,12,28,3,3,8,32.0
1630202,Payton Pritchard,USA,6-1,Guard,BOS,1610612738,1998-01-28T00:00:00,0,591,185,156,29,3,42,56,1153,219,490,92,272,61,71,35,28.0
1642878,Tyrese Proctor,Australia,6-4,Guard,CLE,1610612739,2004-04-01T00:00:00,12,126,35,34,8,0,11,26,291,42,122,23,77,19,23,26,22.0
1641765,Olivier-Maxence Prosper,Canada,6-7,Forward,MEM,1610612763,2002-07-03T00:00:00,17,87,15,38,3,1,10,15,199,27,56,7,20,26,28,19,24.0
1642852,Derik Queen,USA,6-9,Center,NOP,1610612740,2004-12-27T00:00:00,1,483,153,265,39,34,91,116,967,185,371,7,36,106,137,37,22.0
1629674,Neemias Queta,Portugal,7-0,Center,BOS,1610612738,1999-07-13T00:00:00,2,335,48,258,26,43,28,94,811,146,221,0,4,43,71,33,27.0
1630193,Immanuel Quickley,USA,6-2,Guard,TOR,1610612761,1999-06-17T00:00:00,1,584,222,151,39,4,62,77,1163,201,467,89,249,93,114,36,27.0
203944,Julius Randle,USA,6-9,Forward-Center,MIN,1610612750,1994-11-29T00:00:00,0,818,211,261,40,6,91,98,1236,282,575,58,173,196,241,37,32.0
1642875,Maxime Raynaud,France,7-1,Center,SAC,1610612758,2003-04-07T00:00:00,8,304,31,187,13,15,29,77,677,128,231,7,22,41,57,29,23.0
1641871,Duop Reath,South Sudan,6-9,Center,POR,1610612757,1996-06-26T00:00:00,10,75,8,22,5,4,7,22,196,27,60,19,43,2,3,27,30.0
1630559,Austin Reaves,USA,6-5,Guard,LAL,1610612747,1998-05-29T00:00:00,11,612,144,120,22,5,75,52,811,189,373,62,170,172,197,23,28.0
1630194,Paul Reed,USA,6-9,Forward,DET,1610612765,1999-06-14T00:00:00,8,159,29,116,21,17,25,42,317,69,113,6,16,15,24,28,27.0
1641810,Antonio Reeves,USA,6-5,Guard,CHA,1610612766,2000-11-20T00:00:00,30,21,2,5,1,0,0,3,53,8,16,5,10,0,0,6,26.0
1629675,Naz Reid,USA,6-9,Center-Forward,MIN,1610612750,1999-08-26T00:00:00,0,529,88,230,33,32,54,92,976,198,432,87,237,46,57,37,27.0
1642954,Will Richard,USA,6-3,Guard,GSW,1610612744,2002-12-24T00:00:00,5,254,37,88,32,2,25,62,615,90,176,41,106,33,41,32,24.0
1630208,Nick Richards,Jamaica,6-11,Center,PHX,1610612756,1997-11-29T00:00:00,10,85,8,90,3,14,24,38,252,33,69,0,0,19,28,26,29.0
1642859,Jase Richardson,USA,6-1,Guard,ORL,1610612753,2005-10-16T00:00:00,11,152,36,36,8,1,17,27,306,56,112,20,47,20,26,26,21.0
1642860,Will Riley,USA,6-9,Forward,WAS,1610612764,2006-02-10T00:00:00,6,138,35,56,11,4,21,21,366,52,122,10,40,24,30,29,20.0
1642258,Zaccharie Risacher,France,6-8,Forward,ATL,1610612737,2005-04-08T00:00:00,3,378,52,111,32,18,30,78,851,148,325,50,150,32,49,35,21.0
1629130,Duncan Robinson,USA,6-7,Forward,DET,1610612765,1994-04-22T00:00:00,2,391,67,98,27,10,21,78,997,129,305,92,243,41,52,34,32.0
1629011,Mitchell Robinson,USA,7-0,Center-Forward,NYK,1610612752,1998-04-01T00:00:00,12,104,27,207,21,26,18,55,450,44,66,0,0,16,41,24,28.0
1631115,Orlando Robinson,USA,6-10,Center,ORL,1610612753,2000-07-10T00:00:00,33,7,3,4,1,0,0,3,25,3,5,1,2,0,0,4,26.0
1630526,Jeremiah Robinson-Earl,USA,6-9,Forward,,0,2000-11-03T00:00:00,0,79,12,88,7,1,10,23,299,29,83,8,33,13,14,17,26.0
1631157,Ryan Rollins,USA,6-3,Guard,MIL,1610612749,2002-07-03T00:00:00,0,620,207,154,57,13,86,104,1138,236,491,88,209,60,78,36,24.0
1642050,Jackson Rowe,Canada,6-7,Forward,GSW,1610612744,1997-01-04T00:00:00,37,0,0,0,0,0,0,0,0,0,0,0,0,0,0,0,29.0
1626179,Terry Rozier,USA,6-1,Guard,MIA,1610612748,1994-03-17T00:00:00,37,0,0,0,0,0,0,0,0,0,0,0,0,0,0,0,32.0
1641712,Rayan Rupert,France,6-7,Guard-Forward,POR,1610612757,2004-05-31T00:00:00,7,68,16,49,8,2,10,36,304,28,77,10,37,2,4,30,22.0
1626156,D'Angelo Russell,USA,6-3,Guard,DAL,1610612742,1996-02-23T00:00:00,12,256,100,59,12,2,47,30,475,90,222,33,110,43,60,25,30.0
1627734,Domantas Sabonis,Lithuania,6-10,Forward-Center,SAC,1610612758,1996-05-03T00:00:00,26,189,41,135,13,2,28,44,366,74,145,4,20,37,51,11,30.0
1642275,Tidjane Salaün,France,6-10,Forward,CHA,1610612766,2005-08-10T00:00:00,14,148,19,93,11,6,15,38,371,53,102,24,53,18,25,22,21.0
1642282,Hunter Sallis,USA,6-4,Guard,,0,2003-03-26T00:00:00,0,7,4,1,0,1,5,2,25,3,5,0,0,1,2,7,23.0
1642920,Kobe Sanders,USA,6-8,Guard,LAC,1610612746,2002-05-30T00:00:00,8,179,40,62,16,3,40,61,536,64,139,26,67,25,28,27,24.0
1630611,Gui Santos,Brazil,6-7,Forward,GSW,1610612744,2002-06-22T00:00:00,9,103,22,66,10,4,23,34,294,35,77,17,49,16,24,28,24.0
1642879,Ben Saraf,Israel,6-6,Guard,BKN,1610612751,2006-04-14T00:00:00,21,65,34,19,8,3,23,15,202,22,62,9,33,12,15,12,20.0
1642259,Alex Sarr,France,7-0,Center,WAS,1610612764,2005-04-26T00:00:00,9,454,77,203,20,62,44,51,739,184,369,29,81,57,81,26,21.0
1631204,Marcus Sasser,USA,6-1,Guard,DET,1610612765,2000-09-21T00:00:00,28,52,16,10,5,2,6,9,74,17,29,11,18,7,7,8,26.0
1631248,Baylor Scheierman,USA,6-6,Guard,BOS,1610612738,2000-09-26T00:00:00,4,82,19,49,12,2,12,44,353,30,61,21,50,1,1,31,26.0
203471,Dennis Schröder,Germany,6-1,Guard,SAC,1610612758,1993-09-15T00:00:00,7,387,175,99,25,5,59,52,823,133,325,44,128,77,95,30,33.0
1641813,Mark Sears,USA,6-0,Guard,MIL,1610612749,2002-02-19T00:00:00,29,22,2,2,0,0,4,4,26,6,13,4,8,6,8,7,24.0
1630578,Alperen Sengun,Turkey,6-11,Center,HOU,1610612745,2002-07-25T00:00:00,5,610,182,251,41,27,92,93,962,233,455,20,63,124,169,28,24.0
1641729,Brice Sensabaugh,USA,6-6,Forward,UTA,1610612762,2003-10-30T00:00:00,1,325,53,94,24,5,41,60,652,112,268,52,156,49,57,34,23.0
1629012,Collin Sexton,USA,6-3,Guard,CHA,1610612766,1999-01-04T00:00:00,8,422,119,57,22,5,64,52,681,140,293,35,92,107,123,28,27.0
1629013,Landry Shamet,USA,6-5,Guard,NYK,1610612752,1997-03-13T00:00:00,21,139,18,30,6,3,7,19,315,42,93,28,66,27,34,15,29.0
1630545,Terrence Shannon Jr.,USA,6-6,Guard-Forward,MIN,1610612750,2000-07-30T00:00:00,15,100,14,28,7,1,15,29,280,32,81,15,37,21,27,22,26.0
1630549,Day'Ron Sharpe,USA,6-10,Center,BKN,1610612751,2001-11-06T00:00:00,1,243,77,184,33,16,48,70,550,92,152,6,26,53,82,32,25.0
1631101,Shaedon Sharpe,Canada,6-5,Guard,POR,1610612757,2003-05-30T00:00:00,4,712,83,146,50,5,100,70,971,267,593,65,196,113,144,33,23.0
1642347,Jamal Shead,USA,6-1,Guard,TOR,1610612761,2002-07-24T00:00:00,0,246,197,67,37,5,50,75,753,83,227,42,127,38,50,37,24.0
1641767,Ben Sheppard,USA,6-6,Guard,IND,1610612754,2001-07-16T00:00:00,11,177,47,98,17,3,16,50,627,64,169,32,99,17,21,26,25.0
1642263,Reed Sheppard,USA,6-2,Guard,HOU,1610612745,2004-06-24T00:00:00,0,436,112,92,51,20,42,69,849,160,353,84,203,32,41,33,22.0
1642917,Max Shulga,Ukraine,6-4,Guard,BOS,1610612738,2002-06-25T00:00:00,35,0,0,0,0,0,0,0,0,0,0,0,0,0,0,0,24.0
1627783,Pascal Siakam,Cameroon,6-8,Forward,IND,1610612754,1994-04-02T00:00:00,1,854,136,238,47,15,72,94,1224,316,654,61,165,161,236,36,32.0
1629014,Anfernee Simons,USA,6-3,Guard,BOS,1610612738,1999-06-08T00:00:00,0,474,84,80,17,4,36,62,834,166,383,90,227,52,59,35,27.0
1642354,KJ Simpson,USA,6-2,Guard,CHA,1610612766,2002-08-08T00:00:00,22,84,35,29,15,0,24,14,223,31,89,12,39,10,16,14,24.0
1630579,Jericho Sims,USA,6-10,Center,MIL,1610612749,1998-10-20T00:00:00,8,89,18,109,6,5,30,50,419,41,49,0,0,7,11,28,28.0
1642914,Javon Small,USA,6-1,Guard,MEM,1610612763,2002-12-19T00:00:00,23,46,39,17,3,1,13,13,153,14,48,7,27,11,13,13,24.0
203935,Marcus Smart,USA,6-3,Guard,LAL,1610612747,1994-03-06T00:00:00,9,244,78,72,34,10,45,72,702,80,197,40,131,44,47,25,32.0
1630696,Dru Smith,USA,6-2,Guard,MIA,1610612748,1997-12-30T00:00:00,0,235,95,90,58,11,35,58,638,81,190,27,81,46,56,37,29.0
1630188,Jalen Smith,USA,6-8,Forward-Center,CHI,1610612741,2000-03-16T00:00:00,6,271,39,188,11,25,27,58,530,99,208,41,114,32,41,30,26.0
1642449,Tolu Smith,USA,6-11,Forward,DET,1610612765,2000-07-26T00:00:00,33,17,3,13,1,1,2,3,27,6,8,0,0,5,7,3,26.0
1631095,Jabari Smith Jr.,USA,6-11,Forward,HOU,1610612745,2003-05-13T00:00:00,1,497,63,222,23,24,43,93,1102,179,395,74,198,65,83,32,23.0
1641733,Nick Smith Jr.,USA,6-2,Guard,LAL,1610612747,2004-04-18T00:00:00,17,123,21,18,8,2,15,22,271,47,111,23,60,6,10,17,22.0
1631110,Jeremy Sochan,Poland,6-8,Forward,SAS,1610612759,2003-05-20T00:00:00,14,106,27,71,10,4,18,44,324,44,91,7,29,11,16,22,23.0
1642850,Thomas Sorber,USA,6-9,Center,OKC,1610612760,2005-12-25T00:00:00,37,0,0,0,0,0,0,0,0,0,0,0,0,0,0,0,21.0
1642285,Cam Spencer,USA,6-3,Guard,MEM,1610612763,2000-04-06T00:00:00,1,422,174,89,26,2,50,58,823,138,283,83,178,63,69,35,26.0
1630311,Pat Spencer,USA,6-2,Guard,GSW,1610612744,1996-07-04T00:00:00,13,153,79,53,17,1,23,32,370,58,142,16,43,21,24,24,30.0
1641815,Isaiah Stevens,USA,5-11,Guard,SAC,1610612758,2000-11-01T00:00:00,37,0,0,0,0,0,0,0,0,0,0,0,0,0,0,0,26.0
1630191,Isaiah Stewart,USA,6-8,Forward-Center,DET,1610612765,2001-05-22T00:00:00,3,324,37,189,8,68,42,103,773,124,239,29,80,47,66,33,25.0
1631124,Julian Strawther,USA,6-6,Guard,DEN,1610612743,2002-04-18T00:00:00,18,68,14,24,1,1,8,18,169,22,61,5,27,19,26,18,24.0
1629622,Max Strus,USA,6-5,Guard-Forward,CLE,1610612739,1996-03-28T00:00:00,38,0,0,0,0,0,0,0,0,0,0,0,0,0,0,0,30.0
1630591,Jalen Suggs,USA,6-5,Guard,ORL,1610612753,2001-06-03T00:00:00,14,346,107,84,43,12,61,69,583,121,257,44,133,60,70,23,25.0
1630256,Jae'Sean Tate,USA,6-4,Forward,HOU,1610612745,1995-10-28T00:00:00,12,59,12,31,4,3,4,26,165,25,48,6,15,3,3,21,31.0
1628369,Jayson Tatum,USA,6-8,Forward-Guard,BOS,1610612738,1998-03-03T00:00:00,35,0,0,0,0,0,0,0,0,0,0,0,0,0,0,0,28.0
1643141,Jahmyl Telfort,Canada,6-7,Guard,,0,2001-04-30T00:00:00,0,1,1,3,1,0,1,5,34,0,4,0,4,1,4,8,25.0
202066,Garrett Temple,USA,6-5,Guard-Forward,TOR,1610612761,1986-05-08T00:00:00,28,4,3,4,3,1,3,2,29,1,6,1,4,1,2,9,40.0
1631207,Dalen Terry,USA,6-6,Forward,CHI,1610612741,2002-07-12T00:00:00,15,59,25,35,12,5,13,22,223,25,55,6,23,3,7,21,24.0
1642876,Adou Thiero,USA,6-7,Guard,LAL,1610612747,2004-05-08T00:00:00,19,20,5,18,5,1,4,15,88,7,18,0,1,6,8,15,22.0
1630560,Cam Thomas,Japan,6-3,Guard,BKN,1610612751,2001-10-13T00:00:00,21,252,29,19,4,1,23,20,310,80,182,24,66,68,79,12,25.0
1641708,Amen Thompson,USA,6-7,Guard-Forward,HOU,1610612745,2003-01-30T00:00:00,0,594,173,244,44,18,84,78,1208,234,456,13,66,113,139,33,23.0
1641709,Ausar Thompson,USA,6-7,Guard-Forward,DET,1610612765,2003-01-30T00:00:00,4,365,81,186,48,24,52,87,838,148,289,5,18,64,115,32,23.0
202691,Klay Thompson,USA,6-5,Guard,DAL,1610612742,1990-02-08T00:00:00,3,371,42,86,14,10,28,31,743,132,360,90,257,17,25,34,36.0
1629680,Matisse Thybulle,USA,6-5,Guard-Forward,POR,1610612757,1997-03-04T00:00:00,33,20,3,4,10,0,1,7,49,6,10,4,6,4,4,4,29.0
1630214,Xavier Tillman,USA,6-8,Forward,BOS,1610612738,1999-01-12T00:00:00,24,31,5,24,6,2,4,9,105,14,28,3,13,0,0,11,27.0
1641772,Nae'Qwan Tomlin,USA,6-8,Forward,CLE,1610612739,2000-12-19T00:00:00,11,170,16,82,18,20,10,50,419,65,139,13,52,27,38,27,26.0
1642910,John Tonje,USA,6-4,Guard,UTA,1610612762,2001-04-23T00:00:00,35,0,0,0,0,0,0,0,0,0,0,0,0,0,0,0,25.0
1642893,Alex Toohey,Australia,,,,0,2004-05-05T00:00:00,0,0,0,0,0,0,0,0,0,0,0,0,0,0,0,0,22.0
1642260,Nikola Topić,Serbia,6-6,Guard,OKC,1610612760,2005-08-10T00:00:00,37,0,0,0,0,0,0,0,0,0,0,0,0,0,0,0,21.0
1631210,Jacob Toppin,USA,6-9,Forward,,0,2000-05-08T00:00:00,0,8,1,1,0,1,0,1,17,4,6,0,0,0,0,5,26.0
1630167,Obi Toppin,USA,6-9,Forward,IND,1610612754,1998-03-04T00:00:00,34,42,5,20,3,0,6,7,83,15,36,3,17,9,9,3,28.0
1626157,Karl-Anthony Towns,USA,7-0,Center-Forward,NYK,1610612752,1995-11-15T00:00:00,3,709,94,378,28,21,84,117,1072,226,480,57,160,200,228,33,31.0
1642849,Nolan Traore,France,6-3,Guard,BKN,1610612751,2006-05-28T00:00:00,20,53,27,13,6,4,15,18,194,19,57,8,28,7,9,13,20.0
1631247,Luke Travers,Australia,6-6,Forward,CLE,1610612739,2001-09-03T00:00:00,26,28,9,24,7,4,3,6,105,9,36,1,16,9,9,12,25.0
1629018,Gary Trent Jr.,USA,6-5,Guard,MIL,1610612749,1999-01-18T00:00:00,2,310,54,46,26,2,22,51,876,106,274,72,194,26,32,34,27.0
1631131,Oscar Tshiebwe,DRC,6-8,Forward-Center,UTA,1610612762,1999-11-27T00:00:00,34,2,1,6,1,0,0,2,15,1,4,0,0,0,1,1,27.0
1626167,Myles Turner,USA,6-11,Center-Forward,MIL,1610612749,1996-03-24T00:00:00,0,446,58,195,26,59,35,94,1035,144,348,80,213,78,104,36,30.0
1641816,Hunter Tyson,USA,6-8,Forward,DEN,1610612743,2000-06-13T00:00:00,23,28,4,18,1,1,1,6,68,9,28,4,15,6,6,13,26.0
1642281,Jaylon Tyson,USA,6-6,Guard-Forward,CLE,1610612739,2002-12-02T00:00:00,5,422,65,180,34,19,41,103,903,163,320,61,139,35,48,33,24.0
202685,Jonas Valančiūnas,Lithuania,6-11,Center,DEN,1610612743,1992-05-06T00:00:00,3,280,41,154,7,20,37,67,438,115,194,3,12,47,61,33,34.0
1627832,Fred VanVleet,USA,6-0,Guard,HOU,1610612745,1994-02-25T00:00:00,33,0,0,0,0,0,0,0,0,0,0,0,0,0,0,0,32.0
1629020,Jarred Vanderbilt,USA,6-8,Forward,LAL,1610612747,1999-04-03T00:00:00,9,130,36,138,23,9,35,51,493,47,99,15,41,21,29,25,27.0
1630170,Devin Vassell,USA,6-5,Guard-Forward,SAS,1610612759,2000-08-23T00:00:00,4,480,77,129,29,15,30,65,1020,168,398,85,224,59,68,32,26.0
1629216,Gabe Vincent,USA,6-2,Guard,LAL,1610612747,1996-06-14T00:00:00,20,66,20,12,7,1,6,35,301,21,60,17,47,7,7,14,30.0
1641774,Tristan Vukcevic,Italy,7-0,Forward,WAS,1610612764,2003-03-11T00:00:00,9,176,25,65,7,14,27,36,302,61,131,11,53,43,55,26,23.0
202696,Nikola Vučević,Montenegro,6-9,Center,CHI,1610612741,1990-10-24T00:00:00,1,575,127,317,25,15,53,71,1068,235,467,65,165,40,51,35,36.0
1629731,Dean Wade,USA,6-9,Forward-Center,CLE,1610612739,1996-11-20T00:00:00,4,197,54,137,24,13,9,57,772,67,169,41,126,22,30,34,30.0
1630532,Franz Wagner,Germany,6-10,Forward,ORL,1610612753,2001-08-27T00:00:00,13,545,88,146,28,9,43,53,800,187,382,36,100,135,164,24,25.0
1629021,Moritz Wagner,Germany,6-11,Forward-Center,ORL,1610612753,1997-04-26T00:00:00,37,0,0,0,0,0,0,0,0,0,0,0,0,0,0,0,29.0
1631133,Jabari Walker,USA,6-7,Forward,PHI,1610612755,2002-07-30T00:00:00,2,134,15,111,6,10,15,56,415,47,107,12,43,28,38,32,24.0
1641716,Jarace Walker,USA,6-7,Forward,IND,1610612754,2003-09-04T00:00:00,0,333,69,156,21,12,59,58,859,111,304,54,160,57,72,37,23.0
1641717,Cason Wallace,USA,6-3,Guard,OKC,1610612760,2003-11-07T00:00:00,1,272,79,107,75,8,31,72,968,103,247,50,140,16,20,36,23.0
1630811,Keaton Wallace,USA,6-3,Guard,ATL,1610612737,1999-02-26T00:00:00,7,132,74,43,19,4,22,36,402,48,117,31,75,5,10,31,27.0
1641775,Jordan Walsh,USA,6-6,Guard,BOS,1610612738,2004-03-03T00:00:00,5,207,28,146,29,16,18,76,599,78,134,27,57,24,29,30,22.0
1642266,Ja'Kobe Walter,USA,6-4,Guard,TOR,1610612761,2004-09-04T00:00:00,3,203,28,70,31,5,19,67,597,69,162,38,105,27,36,34,22.0
1642276,Kel'el Ware,USA,7-0,Center,MIA,1610612748,2004-04-20T00:00:00,0,455,21,393,34,47,38,65,933,178,325,46,107,53,65,37,22.0
1629023,P.J. Washington,USA,6-7,Forward,DAL,1610612742,1998-08-23T00:00:00,7,442,56,223,31,43,65,69,938,166,361,40,126,70,101,30,28.0
1630322,Lindy Waters III,USA,6-5,Forward,SAS,1610612759,1997-07-28T00:00:00,17,43,6,18,4,0,1,12,131,15,39,12,34,1,1,19,29.0
1630570,Trendon Watford,USA,6-8,Guard-Forward,PHI,1610612755,2000-11-09T00:00:00,20,125,50,66,6,3,21,38,284,47,88,7,18,24,30,14,26.0
1642364,Jamir Watkins,USA,6-6,Forward,WAS,1610612764,2001-07-06T00:00:00,21,41,6,34,4,3,5,26,160,14,28,5,17,8,8,14,25.0
1631212,Peyton Watson,USA,6-8,Guard,DEN,1610612743,2002-09-11T00:00:00,2,414,53,159,33,33,48,79,965,151,299,38,104,74,98,34,24.0
1642377,Jaylen Wells,USA,6-7,Forward,MEM,1610612763,2003-08-26T00:00:00,0,448,66,125,34,3,38,77,993,153,365,65,191,77,98,36,23.0
1641705,Victor Wembanyama,France,7-4,Forward-Center,SAS,1610612759,2004-01-04T00:00:00,14,541,74,251,18,62,70,63,645,189,361,34,91,129,153,22,22.0
1631104,Blake Wesley,USA,6-4,Guard,POR,1610612757,2003-03-16T00:00:00,31,36,19,14,10,1,7,14,98,14,34,2,10,6,10,6,23.0
201566,Russell Westbrook,USA,6-4,Guard,SAC,1610612758,1988-11-12T00:00:00,0,538,251,244,53,7,123,95,1074,197,473,69,205,75,110,37,38.0
1629632,Coby White,USA,6-4,Guard,CHI,1610612741,2000-02-16T00:00:00,19,312,78,57,11,0,51,38,473,99,225,36,113,78,98,17,26.0
1628401,Derrick White,USA,6-4,Guard,BOS,1610612738,1994-07-02T00:00:00,1,626,181,148,48,51,63,58,1152,213,537,109,321,91,104,34,32.0
1641715,Cam Whitmore,USA,6-6,Forward,WAS,1610612764,2004-07-08T00:00:00,14,193,15,58,15,8,18,25,354,77,169,16,56,23,31,21,22.0
1630598,Aaron Wiggins,USA,6-5,Guard,OKC,1610612760,1999-01-02T00:00:00,13,248,38,66,15,14,25,38,539,93,206,44,111,18,26,24,27.0
203952,Andrew Wiggins,Canada,6-6,Forward,MIA,1610612748,1995-02-23T00:00:00,4,526,95,157,40,38,54,80,1053,205,436,60,152,56,75,33,31.0
1642873,Amari Williams,United Kingdom,6-11,Forward-Center,BOS,1610612738,2002-01-28T00:00:00,29,3,1,7,1,2,0,4,30,1,2,0,0,1,2,6,24.0
1630314,Brandon Williams,USA,6-1,Guard,DAL,1610612742,1999-11-22T00:00:00,4,390,128,91,40,7,62,58,740,137,317,17,87,99,123,33,27.0
1642262,Cody Williams,USA,6-8,Forward,UTA,1610612762,2004-11-20T00:00:00,13,86,13,29,5,4,7,29,301,37,92,5,36,7,12,22,22.0
1629684,Grant Williams,USA,6-7,Forward,CHA,1610612766,1998-11-30T00:00:00,36,0,0,0,0,0,0,0,0,0,0,0,0,0,0,0,28.0
1631114,Jalen Williams,USA,6-5,Guard-Forward,OKC,1610612760,2001-04-14T00:00:00,19,309,97,91,27,7,36,40,531,120,259,15,48,54,64,18,25.0
1631119,Jaylin Williams,USA,6-9,Forward,OKC,1610612760,2002-06-29T00:00:00,12,137,61,118,17,12,25,46,458,44,124,30,102,19,29,25,24.0
1629026,Kenrich Williams,USA,6-7,Guard-Forward,OKC,1610612760,1994-12-02T00:00:00,20,90,30,47,10,1,9,16,231,36,71,14,34,4,10,17,32.0
1631109,Mark Williams,USA,7-1,Center,PHX,1610612756,2001-12-16T00:00:00,5,384,33,254,36,26,31,72,735,147,227,1,1,89,113,31,25.0
1630172,Patrick Williams,USA,6-6,Forward,CHI,1610612741,2001-08-26T00:00:00,2,224,39,97,26,10,29,46,632,79,210,43,111,23,35,34,25.0
1630533,Ziaire Williams,USA,6-9,Forward,BKN,1610612751,2001-09-12T00:00:00,5,259,19,68,31,15,29,53,625,81,198,45,142,52,60,28,25.0
1629057,Robert Williams III,USA,6-9,Center-Forward,POR,1610612757,1997-10-17T00:00:00,13,141,23,149,14,32,13,33,385,64,92,1,9,12,17,24,29.0
1631246,Vince Williams Jr.,USA,6-4,Guard,MEM,1610612763,2000-08-30T00:00:00,13,177,113,99,18,12,48,48,503,61,173,30,100,25,31,23,26.0
1629627,Zion Williamson,USA,6-6,Forward,NOP,1610612740,2000-07-06T00:00:00,16,494,73,127,25,13,54,50,631,176,316,0,3,142,192,22,26.0
1630592,Jalen Wilson,USA,6-6,Forward,BKN,1610612751,2000-11-04T00:00:00,10,113,11,24,8,0,11,28,321,35,95,22,62,21,27,23,26.0
1630164,James Wiseman,USA,6-11,Center,,0,2001-03-31T00:00:00,0,13,3,8,0,1,5,10,59,6,10,0,0,1,2,4,25.0
1642874,Danny Wolf,USA,6-11,Forward,BKN,1610612751,2004-05-05T00:00:00,14,141,37,73,10,3,25,28,372,50,129,19,55,22,26,19,22.0
1627824,Guerschon Yabusele,France,6-7,Forward,NYK,1610612752,1995-12-17T00:00:00,5,96,15,68,3,4,14,33,302,35,86,18,56,8,12,31,31.0
1642905,Yang Hansen,China,7-1,Center,POR,1610612757,2005-06-26T00:00:00,17,50,14,35,1,8,15,22,155,16,53,3,22,15,16,20,21.0
1642443,Jahmir Young,USA,6-0,Guard,MIA,1610612748,2000-10-07T00:00:00,32,10,4,2,1,0,2,3,25,4,11,2,5,0,0,5,26.0
1629027,Trae Young,USA,6-2,Guard,ATL,1610612737,1998-09-19T00:00:00,28,193,89,15,10,1,26,20,279,56,135,18,59,63,73,10,28.0
1642959,Chris Youngblood,USA,6-4,Guard,OKC,1610612760,2002-02-09T00:00:00,11,47,7,22,3,0,1,19,138,14,44,12,39,7,7,26,24.0
1642911,Rocco Zikarsky,Australia,7-3,Center,MIN,1610612750,2006-07-11T00:00:00,37,0,0,0,0,0,0,0,0,0,0,0,0,0,0,0,20.0
1627826,Ivica Zubac,Croatia,7-0,Center,LAC,1610612746,1997-03-18T00:00:00,5,451,74,330,12,29,57,74,953,193,321,0,0,65,88,30,29.0
1641783,Tristan da Silva,Germany,6-8,Forward,ORL,1610612753,2001-05-15T00:00:00,4,313,38,122,26,7,31,47,770,118,267,51,134,26,32,33,25.0
1642365,Nikola Đurišić,Belgium,6-8,Guard,ATL,1610612737,2004-02-23T00:00:00,38,0,0,0,0,0,0,0,0,0,0,0,0,0,0,0,22.0
203967,Dario Šarić,Croatia,6-10,Forward-Center,SAC,1610612758,1994-04-08T00:00:00,32,5,2,6,0,0,2,3,40,1,6,1,3,2,2,5,32.0
